id,reach_id,level,low,low_data_type,high,high_data_type
4,72,low,,flow,500.0,flow
5,72,okay,500.0,flow,3000.0,flow
6,72,high,3000.0,flow,,flow
16,425,low,,flow,250.0,flow
17,425,okay,250.0,flow,900.0,flow
18,425,high,900.0,flow,,flow
33,543,low,,flow,500.0,flow
34,543,okay,500.0,flow,1800.0,flow
35,543,high,1800.0,flow,,flow
69,791,low,,flow,300.0,flow
70,791,okay,300.0,flow,3000.0,flow
71,791,high,3000.0,flow,,flow
78,828,low,,flow,700.0,flow
79,828,okay,700.0,flow,7000.0,flow
80,828,high,7000.0,flow,,flow
108,1086,low,,flow,300.0,flow
109,1086,okay,300.0,flow,1000.0,flow
110,1086,high,1000.0,flow,,flow
114,1107,low,,flow,600.0,flow
115,1107,okay,600.0,flow,2000.0,flow
116,1107,high,2000.0,flow,,flow
129,5454,low,,flow,3000.0,flow
130,5454,okay,3000.0,flow,8000.0,flow
131,5454,high,8000.0,flow,,flow
168,1285,low,,flow,275.0,flow
169,1285,okay,275.0,flow,800.0,flow
170,1285,high,800.0,flow,,flow
192,1486,low,,flow,500.0,flow
193,1486,okay,500.0,flow,3000.0,flow
194,1486,high,3000.0,flow,,flow
201,1766,low,,flow,250.0,flow
202,1766,okay,250.0,flow,800.0,flow
203,1766,high,800.0,flow,,flow
204,1767,low,,flow,850.0,flow
205,1767,okay,850.0,flow,5000.0,flow
206,1767,high,5000.0,flow,,flow
207,1768,low,,flow,1500.0,flow
208,1768,okay,1500.0,flow,7000.0,flow
209,1768,high,7000.0,flow,,flow
210,1769,low,,flow,2000.0,flow
211,1769,okay,2000.0,flow,8000.0,flow
212,1769,high,8000.0,flow,,flow
213,1770,low,,flow,600.0,flow
214,1770,okay,600.0,flow,5000.0,flow
215,1770,high,5000.0,flow,,flow
243,2042,low,,flow,900.0,flow
244,2042,okay,900.0,flow,2000.0,flow
245,2042,high,2000.0,flow,,flow
267,2210,low,,flow,1000.0,flow
268,2210,okay,1000.0,flow,3000.0,flow
269,2210,high,3000.0,flow,,flow
270,2211,low,,flow,1000.0,flow
271,2211,okay,1000.0,flow,3000.0,flow
272,2211,high,3000.0,flow,,flow
273,2219,low,,flow,500.0,flow
274,2219,okay,500.0,flow,3500.0,flow
275,2219,high,3500.0,flow,,flow
294,2448,low,,gauge,1.5,gauge
295,2448,okay,1.5,gauge,10.0,gauge
296,2448,high,10.0,gauge,,gauge
297,2469,low,,flow,50.0,flow
298,2469,okay,50.0,flow,1000.0,flow
299,2469,high,1000.0,flow,,flow
303,2533,low,,flow,400.0,flow
304,2533,okay,400.0,flow,2000.0,flow
305,2533,high,2000.0,flow,,flow
309,2617,low,,flow,300.0,flow
310,2617,okay,300.0,flow,1500.0,flow
311,2617,high,1500.0,flow,,flow
312,2657,low,,flow,600.0,flow
313,2657,okay,600.0,flow,3500.0,flow
314,2657,high,3500.0,flow,,flow
315,2658,low,,flow,900.0,flow
316,2658,okay,900.0,flow,3000.0,flow
317,2658,high,3000.0,flow,,flow
321,2660,low,,flow,900.0,flow
322,2660,okay,900.0,flow,3000.0,flow
323,2660,high,3000.0,flow,,flow
324,2662,low,,flow,400.0,flow
325,2662,okay,400.0,flow,2500.0,flow
326,2662,high,2500.0,flow,,flow
333,2665,low,,flow,900.0,flow
334,2665,okay,900.0,flow,3000.0,flow
335,2665,high,3000.0,flow,,flow
336,2712,low,,flow,1300.0,flow
337,2712,okay,1300.0,flow,2000.0,flow
338,2712,high,2000.0,flow,,flow
348,2723,low,,flow,1000.0,flow
349,2723,okay,1000.0,flow,3000.0,flow
350,2723,high,3000.0,flow,,flow
363,2824,low,,flow,250.0,flow
364,2824,okay,250.0,flow,1200.0,flow
365,2824,high,1200.0,flow,,flow
366,2829,low,,flow,1400.0,flow
367,2829,okay,1400.0,flow,3000.0,flow
368,2829,high,3000.0,flow,,flow
369,2830,low,,flow,1000.0,flow
370,2830,okay,1000.0,flow,2000.0,flow
371,2830,high,2000.0,flow,,flow
372,5484,low,,flow,1400.0,flow
373,5484,okay,1400.0,flow,3000.0,flow
374,5484,high,3000.0,flow,,flow
375,2832,low,,flow,250.0,flow
376,2832,okay,250.0,flow,1500.0,flow
377,2832,high,1500.0,flow,,flow
378,2833,low,,flow,1000.0,flow
379,2833,okay,1000.0,flow,2000.0,flow
380,2833,high,2000.0,flow,,flow
392,3048,low,,flow,400.0,flow
393,3048,okay,400.0,flow,1500.0,flow
394,3048,high,1500.0,flow,,flow
398,5514,low,,flow,300.0,flow
399,5514,okay,300.0,flow,1200.0,flow
400,5514,high,1200.0,flow,,flow
401,5492,low,,flow,200.0,flow
402,5492,okay,200.0,flow,1000.0,flow
403,5492,high,1000.0,flow,,flow
428,3282,low,,flow,200.0,flow
429,3282,okay,200.0,flow,6000.0,flow
430,3282,high,6000.0,flow,,flow
434,3290,low,,flow,600.0,flow
435,3290,okay,600.0,flow,13000.0,flow
436,3290,high,13000.0,flow,,flow
440,3294,low,,flow,1000.0,flow
441,3294,okay,1000.0,flow,4500.0,flow
442,3294,high,4500.0,flow,,flow
464,3652,low,,flow,400.0,flow
465,3652,okay,400.0,flow,2000.0,flow
466,3652,high,2000.0,flow,,flow
470,3655,low,,flow,500.0,flow
471,3655,okay,500.0,flow,1000.0,flow
472,3655,high,1000.0,flow,,flow
473,5451,low,,flow,1000.0,flow
474,5451,okay,1000.0,flow,10000.0,flow
475,5451,high,10000.0,flow,,flow
476,3658,low,,flow,400.0,flow
477,3658,okay,400.0,flow,800.0,flow
478,3658,high,800.0,flow,,flow
485,3767,low,,flow,600.0,flow
486,3767,okay,600.0,flow,4000.0,flow
487,3767,high,4000.0,flow,,flow
491,3775,low,,gauge,1.5,gauge
492,3775,okay,1.5,gauge,4.2,gauge
493,3775,high,4.2,gauge,,gauge
494,3776,low,,gauge,2.0,gauge
495,3776,okay,2.0,gauge,6.0,gauge
496,3776,high,6.0,gauge,,gauge
497,3777,low,,flow,500.0,flow
498,3777,okay,500.0,flow,3000.0,flow
499,3777,high,3000.0,flow,,flow
515,3882,low,,flow,700.0,flow
516,3882,okay,700.0,flow,3000.0,flow
517,3882,high,3000.0,flow,,flow
560,3943,low,,flow,1000.0,flow
561,3943,okay,1000.0,flow,5000.0,flow
562,3943,high,5000.0,flow,,flow
572,4008,low,,flow,300.0,flow
573,4008,okay,300.0,flow,1500.0,flow
574,4008,high,1500.0,flow,,flow
587,4038,low,,flow,700.0,flow
588,4038,okay,700.0,flow,3000.0,flow
589,4038,high,3000.0,flow,,flow
590,4039,low,,flow,700.0,flow
591,4039,okay,700.0,flow,3000.0,flow
592,4039,high,3000.0,flow,,flow
608,4114,low,,flow,1000.0,flow
609,4114,okay,1000.0,flow,5000.0,flow
610,4114,high,5000.0,flow,,flow
638,4409,low,,flow,400.0,flow
639,4409,okay,400.0,flow,1000.0,flow
640,4409,high,1000.0,flow,,flow
668,4688,low,,flow,800.0,flow
669,4688,okay,800.0,flow,2000.0,flow
670,4688,high,2000.0,flow,,flow
671,4689,low,,flow,1500.0,flow
672,4689,okay,1500.0,flow,2000.0,flow
673,4689,high,2000.0,flow,,flow
674,4690,low,,flow,1500.0,flow
675,4690,okay,1500.0,flow,3000.0,flow
676,4690,high,3000.0,flow,,flow
677,4691,low,,flow,800.0,flow
678,4691,okay,800.0,flow,5000.0,flow
679,4691,high,5000.0,flow,,flow
695,4700,low,,flow,1500.0,flow
696,4700,okay,1500.0,flow,4000.0,flow
697,4700,high,4000.0,flow,,flow
716,4912,low,,flow,800.0,flow
717,4912,okay,800.0,flow,3000.0,flow
718,4912,high,3000.0,flow,,flow
731,4953,low,,flow,900.0,flow
732,4953,okay,900.0,flow,3000.0,flow
733,4953,high,3000.0,flow,,flow
746,4986,low,,flow,1000.0,flow
747,4986,okay,1000.0,flow,5000.0,flow
748,4986,high,5000.0,flow,,flow
749,4987,low,,flow,1000.0,flow
750,4987,okay,1000.0,flow,2500.0,flow
751,4987,high,2500.0,flow,,flow
758,4995,low,,flow,2000.0,flow
759,4995,okay,2000.0,flow,20000.0,flow
760,4995,high,20000.0,flow,,flow
776,5046,low,,flow,300.0,flow
777,5046,okay,300.0,flow,1000.0,flow
778,5046,high,1000.0,flow,,flow
782,5051,low,,flow,300.0,flow
783,5051,okay,300.0,flow,1600.0,flow
784,5051,high,1600.0,flow,,flow
791,5527,low,,flow,400.0,flow
792,5527,okay,400.0,flow,1500.0,flow
793,5527,high,1500.0,flow,,flow
794,5568,low,,flow,200.0,flow
795,5568,okay,200.0,flow,500.0,flow
796,5568,high,500.0,flow,,flow
797,109,low,,flow,300.0,flow
798,109,okay,300.0,flow,2500.0,flow
799,109,high,2500.0,flow,,flow
800,5507,low,,flow,400.0,flow
801,5507,okay,400.0,flow,1650.0,flow
802,5507,high,1650.0,flow,,flow
803,430,low,,,290.0,flow
804,430,okay,290.0,flow,1500.0,flow
805,430,high,1500.0,flow,,
806,5456,low,,flow,500.0,flow
807,5456,okay,500.0,flow,2000.0,flow
808,5456,high,2000.0,flow,,flow
809,5540,low,,flow,250.0,flow
810,5540,okay,250.0,flow,700.0,flow
811,5540,high,700.0,flow,,flow
815,5584,low,,flow,250.0,flow
816,5584,okay,250.0,flow,1000.0,flow
817,5584,high,1000.0,flow,,flow
818,5485,low,,flow,500.0,flow
819,5485,okay,500.0,flow,3500.0,flow
820,5485,high,3500.0,flow,,flow
824,5773,low,,flow,1000.0,flow
825,5773,okay,1000.0,flow,5000.0,flow
826,5773,high,5000.0,flow,,flow
827,4630,low,,flow,1000.0,flow
828,4630,okay,1000.0,flow,5000.0,flow
829,4630,high,5000.0,flow,,flow
830,5452,low,,flow,1200.0,flow
831,5452,okay,1200.0,flow,6000.0,flow
832,5452,high,6000.0,flow,,flow
833,5453,low,,flow,1200.0,flow
834,5453,okay,1200.0,flow,6000.0,flow
835,5453,high,6000.0,flow,,flow
836,5774,low,,flow,800.0,flow
837,5774,okay,800.0,flow,2700.0,flow
838,5774,high,2700.0,flow,,flow
839,5512,low,,flow,300.0,flow
840,5512,okay,300.0,flow,1500.0,flow
841,5512,high,1500.0,flow,,flow
842,2114,low,,flow,400.0,flow
843,2114,okay,400.0,flow,1200.0,flow
844,2114,high,1200.0,flow,,flow
845,2111,low,,flow,700.0,flow
846,2111,okay,700.0,flow,6000.0,flow
847,2111,high,6000.0,flow,,flow
848,5775,low,,flow,1000.0,flow
849,5775,okay,1000.0,flow,3000.0,flow
850,5775,high,3000.0,flow,,flow
851,4994,low,,flow,1000.0,flow
852,4994,okay,1000.0,flow,2500.0,flow
853,4994,high,2500.0,flow,,flow
854,3067,low,,flow,700.0,flow
855,3067,okay,700.0,flow,3000.0,flow
856,3067,high,3000.0,flow,,flow
857,2725,low,,flow,1200.0,flow
858,2725,okay,1200.0,flow,5000.0,flow
859,2725,high,5000.0,flow,,flow
860,5462,low,,flow,250.0,flow
861,5462,okay,250.0,flow,600.0,flow
862,5462,high,600.0,flow,,flow
863,5472,low,,flow,900.0,flow
864,5472,okay,900.0,flow,3000.0,flow
865,5472,high,3000.0,flow,,flow
866,5508,low,,flow,900.0,flow
867,5508,okay,900.0,flow,3000.0,flow
868,5508,high,3000.0,flow,,flow
869,5534,low,,flow,200.0,flow
870,5534,okay,200.0,flow,900.0,flow
871,5534,high,900.0,flow,,flow
875,5781,low,,flow,300.0,flow
876,5781,okay,300.0,flow,1000.0,flow
877,5781,high,1000.0,flow,,flow
878,4688,low,,flow,800.0,flow
879,4688,okay,800.0,flow,2000.0,flow
880,4688,high,2000.0,flow,,flow
881,5782,low,,flow,600.0,flow
882,5782,okay,600.0,flow,4000.0,flow
883,5782,high,4000.0,flow,,flow
885,3212,okay,750.0,flow,10000.0,flow
886,5468,okay,750.0,flow,10000.0,flow
887,5312,okay,1000.0,flow,5000.0,flow
888,5787,okay,500.0,flow,6000.0,flow
889,5463,okay,2000.0,flow,10000.0,flow
890,5469,low,,flow,750.0,flow
891,5469,okay,750.0,flow,3000.0,flow
892,5469,high,3000.0,flow,,flow
893,5458,low,,flow,700.0,flow
894,5458,okay,700.0,flow,6000.0,flow
895,5458,high,6000.0,flow,,flow
896,5796,low,,flow,400.0,flow
897,5796,okay,400.0,flow,1800.0,flow
898,5796,high,1800.0,flow,,flow
899,5798,low,,flow,700.0,flow
900,5798,okay,700.0,flow,2000.0,flow
901,5798,high,2000.0,flow,,flow
902,1220,low,,flow,500.0,flow
903,1220,okay,500.0,flow,1000.0,flow
904,1220,high,1000.0,flow,,flow
905,5795,low,,flow,3000.0,flow
906,5795,okay,3000.0,flow,8000.0,flow
907,5795,high,8000.0,flow,,flow
908,5565,low,,flow,1000.0,flow
909,5565,okay,1000.0,flow,12000.0,flow
910,5565,high,12000.0,flow,,flow
911,5522,low,,flow,1200.0,flow
912,5522,okay,1200.0,flow,12000.0,flow
913,5522,high,12000.0,flow,,flow
914,5481,low,,gauge,6.0,gauge
915,5481,okay,6.0,gauge,17.0,gauge
916,5481,high,17.0,gauge,,gauge
917,5780,low,,,400.0,flow
918,5780,okay,400.0,flow,1500.0,flow
919,5780,high,1500.0,flow,,
920,5449,low,,,300.0,flow
921,5449,okay,300.0,flow,1500.0,flow
922,5449,high,1500.0,flow,,
923,5554,low,,,150.0,flow
924,5554,okay,150.0,flow,400.0,flow
925,5554,high,400.0,flow,,
926,3657,low,,flow,800.0,flow
927,3657,okay,800.0,flow,3000.0,flow
928,3657,high,3000.0,flow,,flow
929,3650,low,,,1000.0,flow
930,3650,okay,1000.0,flow,3000.0,flow
931,3650,high,3000.0,flow,,
932,5495,low,,,1000.0,flow
933,5495,okay,1000.0,flow,3000.0,flow
934,5495,high,3000.0,flow,,
935,5470,low,,,1000.0,flow
936,5470,okay,1000.0,flow,3000.0,flow
937,5470,high,3000.0,flow,,
938,5810,low,,,1000.0,flow
939,5810,okay,1000.0,flow,5000.0,flow
940,5810,high,5000.0,flow,,
941,5163,low,,,800.0,flow
942,5163,okay,800.0,flow,2500.0,flow
943,5163,high,2500.0,flow,,
944,5165,low,,,1000.0,flow
945,5165,okay,1000.0,flow,6000.0,flow
946,5165,high,6000.0,flow,,
947,5169,low,,,700.0,flow
948,5169,okay,700.0,flow,3500.0,flow
949,5169,high,3500.0,flow,,
950,5171,low,,,600.0,flow
951,5171,okay,600.0,flow,6000.0,flow
952,5171,high,6000.0,flow,,
953,5172,low,,,800.0,flow
954,5172,okay,800.0,flow,6000.0,flow
955,5172,high,6000.0,flow,,
956,5173,low,,,700.0,flow
957,5173,okay,700.0,flow,4000.0,flow
958,5173,high,4000.0,flow,,
959,5174,low,,,700.0,flow
960,5174,okay,700.0,flow,8000.0,flow
961,5174,high,8000.0,flow,,
962,5175,low,,,1000.0,flow
963,5175,okay,1000.0,flow,25000.0,flow
964,5175,high,25000.0,flow,,
965,5176,low,,,700.0,flow
966,5176,okay,700.0,flow,8000.0,flow
967,5176,high,8000.0,flow,,
968,5189,low,,,3000.0,flow
969,5189,okay,3000.0,flow,35000.0,flow
970,5189,high,35000.0,flow,,
971,5193,low,,,5000.0,flow
972,5193,okay,5000.0,flow,15000.0,flow
973,5193,high,15000.0,flow,,
974,5194,low,,,950.0,flow
975,5194,okay,950.0,flow,25000.0,flow
976,5194,high,25000.0,flow,,
977,5196,low,,,3000.0,flow
978,5196,okay,3000.0,flow,14000.0,flow
979,5196,high,14000.0,flow,,
980,5298,low,,,2000.0,flow
981,5298,okay,2000.0,flow,23000.0,flow
982,5298,high,23000.0,flow,,
983,5300,low,,,700.0,flow
984,5300,okay,700.0,flow,2500.0,flow
985,5300,high,2500.0,flow,,
986,5302,low,,,700.0,flow
987,5302,okay,700.0,flow,10000.0,flow
988,5302,high,10000.0,flow,,
989,5305,low,,,600.0,flow
990,5305,okay,600.0,flow,3000.0,flow
991,5305,high,3000.0,flow,,
998,5308,low,,,3000.0,flow
999,5308,okay,3000.0,flow,30000.0,flow
1000,5308,high,30000.0,flow,,
1004,5313,low,,,800.0,flow
1005,5313,okay,800.0,flow,12000.0,flow
1006,5313,high,12000.0,flow,,
1007,5314,low,,,600.0,flow
1008,5314,okay,600.0,flow,6800.0,flow
1009,5314,high,6800.0,flow,,
1013,5317,low,,,3000.0,flow
1014,5317,okay,3000.0,flow,80000.0,flow
1015,5317,high,80000.0,flow,,
1022,5325,low,,,7000.0,flow
1023,5325,okay,7000.0,flow,80000.0,flow
1024,5325,high,80000.0,flow,,
1028,5327,low,,,8000.0,flow
1029,5327,okay,8000.0,flow,80000.0,flow
1030,5327,high,80000.0,flow,,
1031,5329,low,,,1000.0,flow
1032,5329,okay,1000.0,flow,6000.0,flow
1033,5329,high,6000.0,flow,,
1034,5331,low,,,450.0,flow
1035,5331,okay,450.0,flow,2500.0,flow
1036,5331,high,2500.0,flow,,
1040,5336,low,,,500.0,flow
1041,5336,okay,500.0,flow,3000.0,flow
1042,5336,high,3000.0,flow,,
1043,5337,low,,,400.0,flow
1044,5337,okay,400.0,flow,3000.0,flow
1045,5337,high,3000.0,flow,,
1049,5342,low,,,600.0,flow
1050,5342,okay,600.0,flow,8000.0,flow
1051,5342,high,8000.0,flow,,
1055,5350,low,,,200.0,flow
1056,5350,okay,200.0,flow,6000.0,flow
1057,5350,high,6000.0,flow,,
1058,5412,low,,,250.0,flow
1059,5412,okay,250.0,flow,1000.0,flow
1060,5412,high,1000.0,flow,,
1061,5415,low,,,100.0,flow
1062,5415,okay,100.0,flow,1000.0,flow
1063,5415,high,1000.0,flow,,
1064,5416,low,,,200.0,flow
1065,5416,okay,200.0,flow,1000.0,flow
1066,5416,high,1000.0,flow,,
1067,5418,low,,,800.0,flow
1068,5418,okay,800.0,flow,1500.0,flow
1069,5418,high,1500.0,flow,,
1070,5448,low,,,600.0,flow
1071,5448,okay,600.0,flow,7000.0,flow
1072,5448,high,7000.0,flow,,
1082,5459,low,,,1000.0,flow
1083,5459,okay,1000.0,flow,4000.0,flow
1084,5459,high,4000.0,flow,,
1088,5464,low,,,500.0,flow
1089,5464,okay,500.0,flow,4000.0,flow
1090,5464,high,4000.0,flow,,
1091,5465,low,,,250.0,flow
1092,5465,okay,250.0,flow,500.0,flow
1093,5465,high,500.0,flow,,
1094,5466,low,,,1000.0,flow
1095,5466,okay,1000.0,flow,10000.0,flow
1096,5466,high,10000.0,flow,,
1097,5471,low,,,500.0,flow
1098,5471,okay,500.0,flow,5000.0,flow
1099,5471,high,5000.0,flow,,
1109,5477,low,,,2000.0,flow
1110,5477,okay,2000.0,flow,6000.0,flow
1111,5477,high,6000.0,flow,,
1112,5479,low,,,500.0,flow
1113,5479,okay,500.0,flow,1500.0,flow
1114,5479,high,1500.0,flow,,
1118,5482,low,,,700.0,flow
1119,5482,okay,700.0,flow,3500.0,flow
1120,5482,high,3500.0,flow,,
1121,5486,low,,,400.0,flow
1122,5486,okay,400.0,flow,3000.0,flow
1123,5486,high,3000.0,flow,,
1124,5487,low,,,1500.0,flow
1125,5487,okay,1500.0,flow,4000.0,flow
1126,5487,high,4000.0,flow,,
1127,5488,low,,,300.0,flow
1128,5488,okay,300.0,flow,1500.0,flow
1129,5488,high,1500.0,flow,,
1130,5489,low,,,2500.0,flow
1131,5489,okay,2500.0,flow,8000.0,flow
1132,5489,high,8000.0,flow,,
1133,5490,low,,,500.0,flow
1134,5490,okay,500.0,flow,2000.0,flow
1135,5490,high,2000.0,flow,,
1136,5491,low,,,250.0,flow
1137,5491,okay,250.0,flow,1000.0,flow
1138,5491,high,1000.0,flow,,
1139,5493,low,,,2000.0,flow
1140,5493,okay,2000.0,flow,8000.0,flow
1141,5493,high,8000.0,flow,,
1151,5501,low,,,1100.0,flow
1152,5501,okay,1100.0,flow,4000.0,flow
1153,5501,high,4000.0,flow,,
1154,5502,low,,,2000.0,flow
1155,5502,okay,2000.0,flow,12000.0,flow
1156,5502,high,12000.0,flow,,
1160,5504,low,,,500.0,flow
1161,5504,okay,500.0,flow,2000.0,flow
1162,5504,high,2000.0,flow,,
1163,5506,low,,,400.0,flow
1164,5506,okay,400.0,flow,2000.0,flow
1165,5506,high,2000.0,flow,,
1166,5510,low,,,900.0,flow
1167,5510,okay,900.0,flow,7000.0,flow
1168,5510,high,7000.0,flow,,
1169,5515,low,,,200.0,flow
1170,5515,okay,200.0,flow,10000.0,flow
1171,5515,high,10000.0,flow,,
1172,5516,low,,,200.0,flow
1173,5516,okay,200.0,flow,1500.0,flow
1174,5516,high,1500.0,flow,,
1175,5517,low,,,700.0,flow
1176,5517,okay,700.0,flow,3000.0,flow
1177,5517,high,3000.0,flow,,
1181,5519,low,,,500.0,flow
1182,5519,okay,500.0,flow,1500.0,flow
1183,5519,high,1500.0,flow,,
1184,5520,low,,,1000.0,flow
1185,5520,okay,1000.0,flow,2500.0,flow
1186,5520,high,2500.0,flow,,
1187,5521,low,,,2000.0,flow
1188,5521,okay,2000.0,flow,5000.0,flow
1189,5521,high,5000.0,flow,,
1193,5525,low,,,400.0,flow
1194,5525,okay,400.0,flow,2000.0,flow
1195,5525,high,2000.0,flow,,
1196,5529,low,,,800.0,flow
1197,5529,okay,800.0,flow,2000.0,flow
1198,5529,high,2000.0,flow,,
1202,5532,low,,,1000.0,flow
1203,5532,okay,1000.0,flow,4000.0,flow
1204,5532,high,4000.0,flow,,
1205,5535,low,,,2000.0,flow
1206,5535,okay,2000.0,flow,5000.0,flow
1207,5535,high,5000.0,flow,,
1208,5536,low,,,2500.0,flow
1209,5536,okay,2500.0,flow,6000.0,flow
1210,5536,high,6000.0,flow,,
1211,5537,low,,,800.0,flow
1212,5537,okay,800.0,flow,2000.0,flow
1213,5537,high,2000.0,flow,,
1214,5538,low,,,1000.0,flow
1215,5538,okay,1000.0,flow,5000.0,flow
1216,5538,high,5000.0,flow,,
1217,5539,low,,,1000.0,flow
1218,5539,okay,1000.0,flow,2500.0,flow
1219,5539,high,2500.0,flow,,
1223,5542,low,,,1500.0,flow
1224,5542,okay,1500.0,flow,10000.0,flow
1225,5542,high,10000.0,flow,,
1226,5543,low,,,2500.0,flow
1227,5543,okay,2500.0,flow,5000.0,flow
1228,5543,high,5000.0,flow,,
1229,5544,low,,,600.0,flow
1230,5544,okay,600.0,flow,6000.0,flow
1231,5544,high,6000.0,flow,,
1232,5545,low,,,600.0,flow
1233,5545,okay,600.0,flow,5000.0,flow
1234,5545,high,5000.0,flow,,
1235,5546,low,,,4000.0,flow
1236,5546,okay,4000.0,flow,10000.0,flow
1237,5546,high,10000.0,flow,,
1241,5549,low,,,3000.0,flow
1242,5549,okay,3000.0,flow,8000.0,flow
1243,5549,high,8000.0,flow,,
1244,5550,low,,,500.0,flow
1245,5550,okay,500.0,flow,9000.0,flow
1246,5550,high,9000.0,flow,,
1247,5551,low,,,400.0,flow
1248,5551,okay,400.0,flow,850.0,flow
1249,5551,high,850.0,flow,,
1250,5552,low,,,200.0,flow
1251,5552,okay,200.0,flow,1500.0,flow
1252,5552,high,1500.0,flow,,
1253,5553,low,,,600.0,flow
1254,5553,okay,600.0,flow,3000.0,flow
1255,5553,high,3000.0,flow,,
1256,5556,low,,,4000.0,flow
1257,5556,okay,4000.0,flow,10000.0,flow
1258,5556,high,10000.0,flow,,
1259,5557,low,,,600.0,flow
1260,5557,okay,600.0,flow,5000.0,flow
1261,5557,high,5000.0,flow,,
1262,5558,low,,,600.0,flow
1263,5558,okay,600.0,flow,6000.0,flow
1264,5558,high,6000.0,flow,,
1265,5560,low,,,1000.0,flow
1266,5560,okay,1000.0,flow,4500.0,flow
1267,5560,high,4500.0,flow,,
1274,5566,low,,,1000.0,flow
1275,5566,okay,1000.0,flow,2500.0,flow
1276,5566,high,2500.0,flow,,
1277,5567,low,,,1000.0,flow
1278,5567,okay,1000.0,flow,3000.0,flow
1279,5567,high,3000.0,flow,,
1280,5570,low,,,4000.0,flow
1281,5570,okay,4000.0,flow,10000.0,flow
1282,5570,high,10000.0,flow,,
1283,5571,low,,,400.0,flow
1284,5571,okay,400.0,flow,7000.0,flow
1285,5571,high,7000.0,flow,,
1286,5572,low,,,2000.0,flow
1287,5572,okay,2000.0,flow,7000.0,flow
1288,5572,high,7000.0,flow,,
1289,5574,low,,,1000.0,flow
1290,5574,okay,1000.0,flow,2000.0,flow
1291,5574,high,2000.0,flow,,
1292,5576,low,,,1000.0,flow
1293,5576,okay,1000.0,flow,6000.0,flow
1294,5576,high,6000.0,flow,,
1298,5579,low,,,500.0,flow
1299,5579,okay,500.0,flow,2500.0,flow
1300,5579,high,2500.0,flow,,
1301,5582,low,,,500.0,flow
1302,5582,okay,500.0,flow,2500.0,flow
1303,5582,high,2500.0,flow,,
1304,5620,low,,,250.0,flow
1305,5620,okay,250.0,flow,1500.0,flow
1306,5620,high,1500.0,flow,,
1310,5634,low,,,1000.0,flow
1311,5634,okay,1000.0,flow,3000.0,flow
1312,5634,high,3000.0,flow,,
1322,5675,low,,,400.0,flow
1323,5675,okay,400.0,flow,6000.0,flow
1324,5675,high,6000.0,flow,,
1325,5676,low,,,900.0,flow
1326,5676,okay,900.0,flow,5000.0,flow
1327,5676,high,5000.0,flow,,
1334,5682,low,,,400.0,flow
1335,5682,okay,400.0,flow,2800.0,flow
1336,5682,high,2800.0,flow,,
1337,5684,low,,,400.0,flow
1338,5684,okay,400.0,flow,2000.0,flow
1339,5684,high,2000.0,flow,,
1340,5687,low,,,700.0,flow
1341,5687,okay,700.0,flow,2000.0,flow
1342,5687,high,2000.0,flow,,
1343,5688,low,,,900.0,flow
1344,5688,okay,900.0,flow,3000.0,flow
1345,5688,high,3000.0,flow,,
1346,5692,low,,,700.0,flow
1347,5692,okay,700.0,flow,2000.0,flow
1348,5692,high,2000.0,flow,,
1349,5693,low,,,400.0,flow
1350,5693,okay,400.0,flow,800.0,flow
1351,5693,high,800.0,flow,,
1352,5698,low,,,700.0,flow
1353,5698,okay,700.0,flow,3000.0,flow
1354,5698,high,3000.0,flow,,
1355,5699,low,,,300.0,flow
1356,5699,okay,300.0,flow,3000.0,flow
1357,5699,high,3000.0,flow,,
1358,5708,low,,,700.0,flow
1359,5708,okay,700.0,flow,2000.0,flow
1360,5708,high,2000.0,flow,,
1361,5709,low,,,1500.0,flow
1362,5709,okay,1500.0,flow,4000.0,flow
1363,5709,high,4000.0,flow,,
1364,5712,low,,,1000.0,flow
1365,5712,okay,1000.0,flow,3000.0,flow
1366,5712,high,3000.0,flow,,
1367,5715,low,,,2000.0,flow
1368,5715,okay,2000.0,flow,4000.0,flow
1369,5715,high,4000.0,flow,,
1370,5716,low,,,1500.0,flow
1371,5716,okay,1500.0,flow,3000.0,flow
1372,5716,high,3000.0,flow,,
1373,5717,low,,,500.0,flow
1374,5717,okay,500.0,flow,2500.0,flow
1375,5717,high,2500.0,flow,,
1376,5723,low,,,1000.0,flow
1377,5723,okay,1000.0,flow,4000.0,flow
1378,5723,high,4000.0,flow,,
1379,5724,low,,,600.0,flow
1380,5724,okay,600.0,flow,1000.0,flow
1381,5724,high,1000.0,flow,,
1382,5726,low,,,300.0,flow
1383,5726,okay,300.0,flow,700.0,flow
1384,5726,high,700.0,flow,,
1406,5478,low,,,6.0,flow
1407,5478,okay,6.0,flow,12.0,flow
1408,5478,high,12.0,flow,,
1409,5494,low,,,1300.0,flow
1410,5494,okay,1300.0,flow,2100.0,flow
1411,5494,high,2100.0,flow,,
1412,5496,low,,,500.0,flow
1413,5496,okay,500.0,flow,6000.0,flow
1414,5496,high,6000.0,flow,,
1415,5497,low,,,800.0,flow
1416,5497,okay,800.0,flow,1900.0,flow
1417,5497,high,1900.0,flow,,
1424,5511,low,,,3.0,flow
1425,5511,okay,3.0,flow,5.0,flow
1426,5511,high,5.0,flow,,
1427,5513,low,,,5.0,flow
1428,5513,okay,5.0,flow,7.0,flow
1429,5513,high,7.0,flow,,
1430,5526,low,,,1000.0,flow
1431,5526,okay,1000.0,flow,7000.0,flow
1432,5526,high,7000.0,flow,,
1433,5528,low,,,5.0,flow
1434,5528,okay,5.0,flow,9.0,flow
1435,5528,high,9.0,flow,,
1439,5533,low,,,7.0,flow
1440,5533,okay,7.0,flow,10.0,flow
1441,5533,high,10.0,flow,,
1442,5564,low,,,2000.0,flow
1443,5564,okay,2000.0,flow,8000.0,flow
1444,5564,high,8000.0,flow,,
1445,5569,low,,,5.2,flow
1446,5569,okay,5.2,flow,7.0,flow
1447,5569,high,7.0,flow,,
1448,5573,low,,,13.0,flow
1449,5573,okay,13.0,flow,23.0,flow
1450,5573,high,23.0,flow,,
1457,5581,low,,,2300.0,flow
1458,5581,okay,2300.0,flow,5000.0,flow
1459,5581,high,5000.0,flow,,
1460,5583,low,,,4.0,flow
1461,5583,okay,4.0,flow,6.0,flow
1462,5583,high,6.0,flow,,
1463,5500,low,,,700.0,flow
1464,5500,okay,700.0,flow,2000.0,flow
1465,5500,high,2000.0,flow,,
1466,5498,low,,,600.0,flow
1467,5498,okay,600.0,flow,4000.0,flow
1468,5498,high,4000.0,flow,,
1469,5499,low,,,400.0,flow
1470,5499,okay,400.0,flow,3000.0,flow
1471,5499,high,3000.0,flow,,
1472,5562,low,,,750.0,flow
1473,5562,okay,750.0,flow,2500.0,flow
1474,5562,high,2500.0,flow,,
1475,5561,low,,,750.0,flow
1476,5561,okay,750.0,flow,2500.0,flow
1477,5561,high,2500.0,flow,,
1478,3930,low,,,1000.0,flow
1479,3930,okay,1000.0,flow,2500.0,flow
1480,3930,high,2500.0,flow,,
1481,5548,low,,,800.0,flow
1482,5548,okay,800.0,flow,3200.0,flow
1483,5548,high,3200.0,flow,,
1484,5812,low,,,1000.0,flow
1485,5812,okay,1000.0,flow,9000.0,flow
1486,5812,high,9000.0,flow,,
1487,5473,low,,,1000.0,flow
1488,5473,okay,1000.0,flow,3000.0,flow
1489,5473,high,3000.0,flow,,
1490,3944,low,,,1000.0,flow
1491,3944,okay,1000.0,flow,2000.0,flow
1492,3944,high,2000.0,flow,,
1493,3929,low,,,600.0,flow
1494,3929,okay,600.0,flow,3000.0,flow
1495,3929,high,3000.0,flow,,
1496,3934,low,,,900.0,flow
1497,3934,okay,900.0,flow,3000.0,flow
1498,3934,high,3000.0,flow,,
1499,5509,low,,,3.0,gauge
1500,5509,okay,3.0,gauge,5.5,gauge
1501,5509,high,5.5,gauge,,
1502,5461,low,,,699.0,gauge
1503,5461,okay,699.0,gauge,710.0,gauge
1504,5461,high,710.0,gauge,,
1505,5457,low,,,1500.0,flow
1506,5457,okay,1500.0,flow,5000.0,flow
1507,5457,high,5000.0,flow,,
1508,5503,low,,,2000.0,flow
1509,5503,okay,2000.0,flow,5000.0,flow
1510,5503,high,5000.0,flow,,
1511,5541,low,,,500.0,flow
1512,5541,okay,500.0,flow,1500.0,flow
1513,5541,high,1500.0,flow,,
1514,567,low,,,200.0,flow
1515,567,okay,200.0,flow,4000.0,flow
1516,567,high,4000.0,flow,,
1517,5530,low,,,1500.0,flow
1518,5530,okay,1500.0,flow,4000.0,flow
1519,5530,high,4000.0,flow,,
1520,5455,low,,,700.0,flow
1521,5455,okay,700.0,flow,2000.0,flow
1522,5455,high,2000.0,flow,,
1523,5450,low,,,400.0,flow
1524,5450,okay,400.0,flow,6000.0,flow
1525,5450,high,6000.0,flow,,
1526,5480,low,,,1200.0,flow
1527,5480,okay,1200.0,flow,3000.0,flow
1528,5480,high,3000.0,flow,,
1529,3884,low,,,1500.0,flow
1530,3884,okay,1500.0,flow,4000.0,flow
1531,3884,high,4000.0,flow,,
1532,3878,low,,,300.0,flow
1533,3878,okay,300.0,flow,900.0,flow
1534,3878,high,900.0,flow,,
1535,5813,low,,,1000.0,flow
1536,5813,okay,1000.0,flow,2000.0,flow
1537,5813,high,2000.0,flow,,
1538,5778,low,,,300.0,flow
1539,5778,okay,300.0,flow,1000.0,flow
1540,5778,high,1000.0,flow,,
1541,5814,low,,,3.0,gauge
1542,5814,okay,3.0,gauge,20.0,gauge
1543,5814,high,20.0,gauge,,
1544,5815,low,,,450.0,flow
1545,5815,okay,450.0,flow,600.0,flow
1546,5815,high,600.0,flow,,
1547,4505,low,,,400.0,flow
1548,4505,okay,400.0,flow,1500.0,flow
1549,4505,high,1500.0,flow,,
1550,5531,low,,,400.0,flow
1551,5531,okay,400.0,flow,2000.0,flow
1552,5531,high,2000.0,flow,,
1553,4981,low,,flow,300.0,flow
1554,4981,okay,300.0,flow,1500.0,flow
1555,4981,high,1500.0,flow,,flow
1556,5779,low,,flow,1500.0,flow
1557,5779,okay,1500.0,flow,4000.0,flow
1558,5779,high,4000.0,flow,,flow
1559,5816,low,,flow,1500.0,flow
1560,5816,okay,1500.0,flow,4000.0,flow
1561,5816,high,4000.0,flow,,flow
1562,1130,low,,,1400.0,flow
1563,1130,okay,1400.0,flow,4500.0,flow
1564,1130,high,4500.0,flow,,
1565,1125,low,,,1000.0,flow
1566,1125,okay,1000.0,flow,5000.0,flow
1567,1125,high,5000.0,flow,,
1568,1035,low,,,400.0,flow
1569,1035,okay,400.0,flow,1500.0,flow
1570,1035,high,1500.0,flow,,
1571,5474,low,,,1500.0,flow
1572,5474,okay,1500.0,flow,4000.0,flow
1573,5474,high,4000.0,flow,,
1574,5518,low,,,1000.0,flow
1575,5518,okay,1000.0,flow,3000.0,flow
1576,5518,high,3000.0,flow,,
1580,5817,low,,,500.0,flow
1581,5817,okay,500.0,flow,3000.0,flow
1582,5817,high,3000.0,flow,,
1583,5819,low,,flow,400.0,flow
1584,5819,okay,400.0,flow,1000.0,flow
1585,5819,high,1000.0,flow,,flow
1586,5820,low,,flow,700.0,flow
1587,5820,okay,700.0,flow,1400.0,flow
1588,5820,high,1400.0,flow,,flow
1589,5821,low,,,2500.0,flow
1590,5821,okay,2500.0,flow,10000.0,flow
1591,5821,high,10000.0,flow,,
1592,5823,low,,,500.0,flow
1593,5823,okay,500.0,flow,5000.0,flow
1594,5823,high,5000.0,flow,,
1595,5824,low,,,700.0,flow
1596,5824,okay,700.0,flow,2000.0,flow
1597,5824,high,2000.0,flow,,
1598,5825,low,,,2200.0,flow
1599,5825,okay,2200.0,flow,3000.0,flow
1600,5825,high,3000.0,flow,,
1601,5826,low,,,1000.0,flow
1602,5826,okay,1000.0,flow,2000.0,flow
1603,5826,high,2000.0,flow,,
1604,5831,low,,,1000.0,flow
1605,5831,okay,1000.0,flow,4000.0,flow
1606,5831,high,4000.0,flow,,
1607,5833,low,,,400.0,flow
1608,5833,okay,400.0,flow,2500.0,flow
1609,5833,high,2500.0,flow,,
1610,5834,low,,,1500.0,flow
1611,5834,okay,1500.0,flow,5000.0,flow
1612,5834,high,5000.0,flow,,
1613,5836,low,,,2800.0,flow
1614,5836,okay,2800.0,flow,6500.0,flow
1615,5836,high,6500.0,flow,,
1616,5838,low,,,500.0,flow
1617,5838,okay,500.0,flow,2000.0,flow
1618,5838,high,2000.0,flow,,
1619,5505,low,,,3000.0,flow
1620,5505,okay,3000.0,flow,8000.0,flow
1621,5505,high,8000.0,flow,,
1622,526,low,,,1800.0,flow
1623,526,okay,1800.0,flow,2700.0,flow
1624,526,high,2700.0,flow,,
1625,5467,low,,,1200.0,flow
1626,5467,okay,1200.0,flow,3600.0,flow
1627,5467,high,3600.0,flow,,
1628,1306,low,,,400.0,flow
1629,1306,okay,400.0,flow,2000.0,flow
1630,1306,high,2000.0,flow,,
1631,1305,low,,,500.0,flow
1632,1305,okay,500.0,flow,3000.0,flow
1633,1305,high,3000.0,flow,,
1634,5840,low,,,400.0,flow
1635,5840,okay,400.0,flow,2500.0,flow
1636,5840,high,2500.0,flow,,
1637,5575,low,,,1400.0,flow
1638,5575,okay,1400.0,flow,3300.0,flow
1639,5575,high,3300.0,flow,,
1640,5475,low,,,400.0,flow
1641,5475,okay,400.0,flow,1600.0,flow
1642,5475,high,1600.0,flow,,
1643,1407,low,,,200.0,flow
1644,1407,okay,200.0,flow,10000.0,flow
1645,1407,high,10000.0,flow,,
1646,5523,low,,,4000.0,flow
1647,5523,okay,4000.0,flow,10000.0,flow
1648,5523,high,10000.0,flow,,
1649,5577,low,,,800.0,flow
1650,5577,okay,800.0,flow,4000.0,flow
1651,5577,high,4000.0,flow,,
1652,3011,low,,,400.0,flow
1653,3011,okay,400.0,flow,2000.0,flow
1654,3011,high,2000.0,flow,,
1655,1092,low,,flow,1000.0,flow
1656,1540,low,,flow,200.0,flow
1657,2209,low,,flow,500.0,flow
1658,2212,low,,flow,700.0,flow
1659,2213,low,,flow,500.0,flow
1660,2214,low,,flow,500.0,flow
1661,2401,low,,flow,800.0,flow
1662,2783,low,,flow,500.0,flow
1663,2786,low,,flow,600.0,flow
1664,2944,low,,flow,500.0,flow
1665,3091,low,,flow,800.0,flow
1666,3093,low,,flow,1000.0,flow
1667,3289,low,,flow,400.0,flow
1668,3504,low,,flow,300.0,flow
1669,3676,low,,flow,300.0,flow
1670,3766,low,,flow,600.0,flow
1671,3779,low,,flow,400.0,flow
1672,4062,low,,flow,300.0,flow
1673,4679,low,,flow,400.0,flow
1674,5014,low,,flow,300.0,flow
1675,5555,low,,flow,200.0,flow
1676,5563,low,,flow,100.0,flow
1677,5794,low,,flow,2000.0,flow
1678,5797,low,,flow,400.0,flow
1679,5799,low,,flow,500.0,flow
1680,5800,low,,flow,500.0,flow
1681,5801,low,,flow,500.0,flow
1682,5802,low,,flow,1450.0,flow
1683,5803,low,,flow,500.0,flow
1684,5804,low,,flow,500.0,flow
1685,5805,low,,flow,400.0,flow
1686,5806,low,,flow,400.0,flow
1687,5808,low,,flow,1200.0,flow
1688,5830,low,,flow,700.0,flow
1689,5832,low,,flow,3000.0,flow
1690,5842,low,,flow,6000.0,flow
1691,5844,low,,flow,8000.0,flow
1692,5845,low,,flow,8000.0,flow
1693,5846,low,,flow,6500.0,flow
1694,5847,low,,flow,850.0,flow
1695,5849,low,,flow,600.0,flow
1696,1092,okay,1000.0,flow,4000.0,flow
1697,1540,okay,200.0,flow,400.0,flow
1698,2209,okay,500.0,flow,50000.0,flow
1699,2212,okay,700.0,flow,8000.0,flow
1700,2213,okay,500.0,flow,100000.0,flow
1701,2214,okay,500.0,flow,10000.0,flow
1702,2401,okay,800.0,flow,4000.0,flow
1703,2783,okay,500.0,flow,1500.0,flow
1704,2786,okay,600.0,flow,1000.0,flow
1705,2944,okay,500.0,flow,2000.0,flow
1706,3091,okay,800.0,flow,1000.0,flow
1707,3093,okay,1000.0,flow,2500.0,flow
1708,3289,okay,400.0,flow,2000.0,flow
1709,3504,okay,300.0,flow,1000.0,flow
1710,3676,okay,300.0,flow,1500.0,flow
1711,3766,okay,600.0,flow,8000.0,flow
1712,3779,okay,400.0,flow,6000.0,flow
1713,4062,okay,300.0,flow,800.0,flow
1714,4679,okay,400.0,flow,3000.0,flow
1715,5014,okay,300.0,flow,900.0,flow
1716,5555,okay,200.0,flow,1000.0,flow
1717,5563,okay,100.0,flow,400.0,flow
1718,5794,okay,2000.0,flow,4500.0,flow
1719,5797,okay,400.0,flow,1800.0,flow
1720,5799,okay,500.0,flow,2200.0,flow
1721,5800,okay,500.0,flow,2200.0,flow
1722,5801,okay,500.0,flow,2200.0,flow
1723,5802,okay,1450.0,flow,2300.0,flow
1724,5803,okay,500.0,flow,2000.0,flow
1725,5804,okay,500.0,flow,1500.0,flow
1726,5805,okay,400.0,flow,1000.0,flow
1727,5806,okay,400.0,flow,1500.0,flow
1728,5808,okay,1200.0,flow,13000.0,flow
1729,5830,okay,700.0,flow,3000.0,flow
1730,5832,okay,3000.0,flow,8000.0,flow
1731,5842,okay,6000.0,flow,13000.0,flow
1732,5844,okay,8000.0,flow,25000.0,flow
1733,5845,okay,8000.0,flow,25000.0,flow
1734,5846,okay,6500.0,flow,20000.0,flow
1735,5847,okay,850.0,flow,8000.0,flow
1736,5849,okay,600.0,flow,5000.0,flow
1737,1092,high,4000.0,flow,,flow
1738,1540,high,400.0,flow,,flow
1739,2209,high,50000.0,flow,,flow
1740,2212,high,8000.0,flow,,flow
1741,2213,high,100000.0,flow,,flow
1742,2214,high,10000.0,flow,,flow
1743,2401,high,4000.0,flow,,flow
1744,2783,high,1500.0,flow,,flow
1745,2786,high,1000.0,flow,,flow
1746,2944,high,2000.0,flow,,flow
1747,3091,high,1000.0,flow,,flow
1748,3093,high,2500.0,flow,,flow
1749,3289,high,2000.0,flow,,flow
1750,3504,high,1000.0,flow,,flow
1751,3676,high,1500.0,flow,,flow
1752,3766,high,8000.0,flow,,flow
1753,3779,high,6000.0,flow,,flow
1754,4062,high,800.0,flow,,flow
1755,4679,high,3000.0,flow,,flow
1756,5014,high,900.0,flow,,flow
1757,5555,high,1000.0,flow,,flow
1758,5563,high,400.0,flow,,flow
1759,5794,high,4500.0,flow,,flow
1760,5797,high,1800.0,flow,,flow
1761,5799,high,2200.0,flow,,flow
1762,5800,high,2200.0,flow,,flow
1763,5801,high,2200.0,flow,,flow
1764,5802,high,2300.0,flow,,flow
1765,5803,high,2000.0,flow,,flow
1766,5804,high,1500.0,flow,,flow
1767,5805,high,1000.0,flow,,flow
1768,5806,high,1500.0,flow,,flow
1769,5808,high,13000.0,flow,,flow
1770,5830,high,3000.0,flow,,flow
1771,5832,high,8000.0,flow,,flow
1772,5842,high,13000.0,flow,,flow
1773,5844,high,25000.0,flow,,flow
1774,5845,high,25000.0,flow,,flow
1775,5846,high,20000.0,flow,,flow
1776,5847,high,8000.0,flow,,flow
1777,5849,high,5000.0,flow,,flow
1778,3000,low,,flow,140.0,flow
1779,3000,okay,140.0,flow,700.0,flow
1780,3000,high,700.0,flow,,flow
1781,5843,low,,flow,4700.0,flow
1782,5843,okay,4700.0,flow,20500.0,flow
1783,5843,high,20500.0,flow,,flow
1784,5789,low,,flow,1000.0,flow
1785,5789,okay,1000.0,flow,6000.0,flow
1786,5789,high,6000.0,flow,,flow
1787,5772,low,,flow,700.0,flow
1788,5772,okay,700.0,flow,2000.0,flow
1789,5772,high,2000.0,flow,,flow
1790,5783,low,,flow,400.0,flow
1791,5783,okay,400.0,flow,2500.0,flow
1792,5783,high,2500.0,flow,,flow
1793,5784,low,,flow,600.0,flow
1794,5784,okay,600.0,flow,2000.0,flow
1795,5784,high,2000.0,flow,,flow
1796,5785,low,,flow,300.0,flow
1797,5785,okay,300.0,flow,1000.0,flow
1798,5785,high,1000.0,flow,,flow
1799,5792,low,,flow,400.0,flow
1800,5792,okay,400.0,flow,3000.0,flow
1801,5792,high,3000.0,flow,,flow
1802,5807,low,,flow,1000.0,flow
1803,5807,okay,1000.0,flow,3000.0,flow
1804,5807,high,3000.0,flow,,flow
1805,5841,low,,flow,900.0,flow
1806,5841,okay,900.0,flow,2500.0,flow
1807,5841,high,2500.0,flow,,flow
1808,5809,low,,flow,600.0,flow
1809,5809,okay,600.0,flow,1200.0,flow
1810,5809,high,1200.0,flow,,flow
1811,5580,low,,flow,800.0,flow
1812,5580,okay,800.0,flow,3000.0,flow
1813,5580,high,3000.0,flow,,flow
1814,5790,low,,flow,6000.0,flow
1815,5790,okay,6000.0,flow,10000.0,flow
1816,5790,high,10000.0,flow,,flow
1817,5524,low,,flow,600.0,flow
1818,5524,okay,600.0,flow,2500.0,flow
1819,5524,high,2500.0,flow,,flow
1820,5839,low,,flow,1000.0,flow
1821,5839,okay,1000.0,flow,2500.0,flow
1822,5839,high,2500.0,flow,,flow
1823,4988,low,,flow,2000.0,flow
1824,4988,okay,2000.0,flow,20000.0,flow
1825,4988,high,20000.0,flow,,flow
1826,4991,low,,flow,2000.0,flow
1827,4991,okay,2000.0,flow,20000.0,flow
1828,4991,high,20000.0,flow,,flow
1829,4996,low,,flow,2000.0,flow
1830,4996,okay,2000.0,flow,20000.0,flow
1831,4996,high,20000.0,flow,,flow
1832,4997,low,,flow,2000.0,flow
1833,4997,okay,2000.0,flow,20000.0,flow
1834,4997,high,20000.0,flow,,flow
1835,5851,low,,flow,200.0,flow
1836,5851,okay,200.0,flow,5000.0,flow
1837,5851,high,5000.0,flow,,flow
1838,5316,low,,,1100.0,flow
1839,5316,okay,1100.0,flow,8000.0,flow
1840,5316,high,8000.0,flow,,
1841,5315,low,,,300.0,flow
1842,5315,okay,300.0,flow,1500.0,flow
1843,5315,high,1500.0,flow,,
1844,5349,low,,,300.0,flow
1845,5349,okay,300.0,flow,1500.0,flow
1846,5349,high,1500.0,flow,,
1847,5355,low,,,500.0,flow
1848,5355,okay,500.0,flow,8000.0,flow
1849,5355,high,8000.0,flow,,
1850,5309,low,,,100.0,flow
1851,5309,okay,100.0,flow,3500.0,flow
1852,5309,high,3500.0,flow,,
1853,3770,low,,,1000.0,flow
1854,3770,okay,1000.0,flow,100000.0,flow
1855,3770,high,100000.0,flow,,
1856,3990,low,,flow,1000.0,flow
1857,3990,okay,1000.0,flow,40000.0,flow
1858,3990,high,40000.0,flow,,flow
1859,5326,low,,flow,700.0,flow
1860,5326,okay,700.0,flow,35000.0,flow
1861,5326,high,35000.0,flow,,flow
1862,5306,low,,flow,1200.0,flow
1863,5306,okay,1200.0,flow,25000.0,flow
1864,5306,high,25000.0,flow,,flow
1865,5307,low,,flow,400.0,flow
1866,5307,okay,400.0,flow,25000.0,flow
1867,5307,high,25000.0,flow,,flow
1868,5338,low,,flow,400.0,flow
1869,5338,okay,400.0,flow,25000.0,flow
1870,5338,high,25000.0,flow,,flow
1871,5343,low,,flow,500.0,flow
1872,5343,okay,500.0,flow,20000.0,flow
1873,5343,high,20000.0,flow,,flow
1874,3053,low,,flow,2500.0,flow
1875,3053,okay,2500.0,flow,16000.0,flow
1876,3053,high,16000.0,flow,,flow
1877,5334,low,,flow,2500.0,flow
1878,5334,okay,2500.0,flow,16000.0,flow
1879,5334,high,16000.0,flow,,flow
1880,5319,low,,flow,800.0,flow
1881,5319,okay,800.0,flow,3500.0,flow
1882,5319,high,3500.0,flow,,flow
1883,4012,low,,flow,600.0,flow
1884,4012,okay,600.0,flow,3000.0,flow
1885,4012,high,3000.0,flow,,flow
1886,2428,low,,flow,1000.0,flow
1887,2428,okay,1000.0,flow,3500.0,flow
1888,2428,high,3500.0,flow,,flow
1889,5636,low,,flow,1000.0,flow
1890,5636,okay,1000.0,flow,3000.0,flow
1891,5636,high,3000.0,flow,,flow
1892,5621,low,,flow,800.0,flow
1893,5621,okay,800.0,flow,4000.0,flow
1894,5621,high,4000.0,flow,,flow
1895,5680,low,,flow,1500.0,flow
1896,5680,okay,1500.0,flow,3000.0,flow
1897,5680,high,3000.0,flow,,flow
1898,5460,low,,flow,300.0,flow
1899,5460,okay,300.0,flow,1000.0,flow
1900,5460,high,1000.0,flow,,flow
1901,5669,low,,flow,1000.0,flow
1902,5669,okay,1000.0,flow,1800.0,flow
1903,5669,high,1800.0,flow,,flow
1904,5853,low,,flow,1000.0,flow
1905,5853,okay,1000.0,flow,1800.0,flow
1906,5853,high,1800.0,flow,,flow
1907,5670,low,,flow,450.0,flow
1908,5670,okay,450.0,flow,2500.0,flow
1909,5670,high,2500.0,flow,,flow
1910,5681,low,,flow,300.0,flow
1911,5681,okay,300.0,flow,1500.0,flow
1912,5681,high,1500.0,flow,,flow
1913,5852,low,,flow,1200.0,flow
1914,5852,okay,1200.0,flow,2000.0,flow
1915,5852,high,2000.0,flow,,flow
