id,updated_at,gauge_id,name,display_name,sort_name,nature,description,difficulties,basin,basin_area,elevation,elevation_lost,length,gradient,features,latitude,longitude,latitude_start,longitude_start,latitude_end,longitude_end,map_name,no_show,notes,optimal_flow,region,remoteness,scenery,season,watershed_type,aw_id,river,max_gradient,huc,map_only
1,,1,LOPO3,,Lookout Point 0,,,,,,,,,,,,,,,,,,1,,,,,,,,,,,,0
2,,2,Big Cliff,,Big Cliff,,,,,,,,,,,,,,,,,,1,,,,,,,,,,,,0
3,,3,Detroit,,Detroit,,,,,,,,,,,,,,,,,,1,,,,,,,,,,,,0
4,,4,Lost Creek aa,,Lost Creek 0,,,,,,,,,,,,,,,,,,1,,,,,,,,,,,,0
5,,5,Dexter,,Dexter,,,,,,,,,,,,,,,,,,1,,,,,,,,,,,,0
6,,6,Dorena,,Dorena,,,,,,,,,,,,,,,,,,1,,,,,,,,,,,,0
7,,7,Fall Creek,,Fall Creek,,,,,,,,,,,,,,,,,,1,,,,,,,,,,,,0
8,,,GPRO3,,Green Peter 0,,,,,,,,,,,,,,,,,,1,,,,,,,,,,,,0
72,,26,TIDO,Alsea,Alsea c 0,Pool Drop,Mill Creek Park to Tidewater,,Alsea,,256.7,253.0,35.5,7.1,,44.39788977042021,-123.76657847300952,44.384765879835015,-123.62198855141042,44.411013661005406,-123.91116839460861,Alsea,0,,800.0,North Coast,Not Remote,rural,Nov-Apr,,1483,,,,0
109,,43,Applegate River,Applegate,Applegate 0 c,,Applegate Dam to Rogue River,II+,Rogue,225.0,1747.51,906.0,46.7,19.4,,42.247846,-123.279373,42.066506,-123.109095,42.429185,-123.449651,,0,,,,,,,,11614,,,,0
425,,185,BRTO,Blue River,Blue a 0,Pool Drop,,Technical,McKenzie,,1386.0,508.0,5.4,93.3,Technical,44.22,-122.27,44.259602,-122.217003,44.204498,-122.262001,Blue,0,,400.0,Upper Willamette,Not Remote,forest/logging,Nov-Apr,,1486,,,,0
430,,190,BLUO,Blue River,Blue b aa 0,,,II-III,McKenzie,87.7,1081.9,54.0,1.3,41.6,,44.1623,-122.333,44.168561873108274,-122.33099911014148,44.15401700767669,-122.34290639092683,,0,,,Upper Willamette,,,,,11728,,,,0
491,,210,14316495,Boulder Creek,Boulder 1,,,,,30.4,1640.0,174.39999389648438,1.7,104.5999984741211,,43.3035,-122.53,43.271131,-122.625574,43.291253,-122.620128,,0,,,,,,,,,,,,1
526,,1291,Brice,Brice Creek,Brice 0,Continous,Parker Falls to Champion Creek,Technical,Willamette,,,836.5,4.1,203.5,old growth.20 falls,43.631299999999996,-122.62049999999999,43.622309,-122.586405,43.639575,-122.655518,,0,,400.0,Upper Willamette,Not Remote,forest/waterfall,Nov-Apr,,2726,,,,0
543,,220,HOTI,Bruneau,Bruneau aa 0,"Rock gardens, narrow canyon",,,Snake,2630.0,2598.5,1077.0,40.6,26.5,,42.7711,-115.72,42.338,-115.647,42.769,-115.724,,0,,1200.0,,,,Apr-Jun,,533,,,,0
567,,226,RUNO,Bull Run,Bull Run e 0,Pool Drop,,,Sandy,107.0,567.9,326.2,10.04,32.5,,45.4373,-122.179,45.425079748683316,-122.21681793063176,45.49137207420514,-122.30736623388944,BullRun,0,,900.0,Lower Willamette,Somewhat Remote,canyon,Jan-Dec,,1488,,,,0
568,,227,BMFO,Bull Run,Bull Run d 0,,,,,47.9,1080.0,,,,,45.4982,-122.012,45.582413,-121.852415,45.636576,-121.919957,,0,,,,,,,,,,,,0
664,,255,14219000,Canyon Creek,Canyon 1,,,,,64.1,520.0,,,,,45.9398,-122.317,46.0083,-122.1968,45.9709,-122.2581,,0,,,,,,,,,,,,0
791,,304,14400000,Chetco,Chetco ag 03,Pool Drop,Upper Summer Bridge to Loeb,,Chetco,271.0,50.0,75.30000305175781,8.8,8.600000381469727,Redwoods.crystal clear water,42.1234,-124.187,42.186117,-124.134586,42.112125,-124.185131,Chetco,0,,500.0,Southern Coast,Not Remote,forest/logging,Jan-Dec,,,Chetco,,1710,0
821,,316,14231900,Cispus River,Cispus 0,,,,,250.0,1260.0,,,,,46.4437,-121.842,46.307998657227,-121.79499816894,46.392200469971,-121.827003479,,0,,,,,,,,,,,,0
828,,320,ESTO,Clackamas,Clackamas 08 River Mill to Willamette,Continous,River Mill Dam to Willamette,,Willamette,671.0,286.93,299.0,22.4,13.3,great canoe run,45.2998,-122.354,45.299594409737246,-122.35160443262798,45.372452,-122.604332,Clackamas.lower,0,,1000.0,Lower Willamette,Not Remote,residential,Jan-Dec,,1495,Clackamas,,,0
1035,,401,POWO,SF Coquille,Coquille cd 06,Continous,Powers to Baker Creek,,,,197.0,111.1,6.07,18.3,,42.9,-124.07,42.86791375829108,-124.05489766606667,42.906999771729346,-124.1114327667646,Coquille.SFk,0,,600.0,Southern Coast,Not Remote,rural,Nov-Apr,,1500,SF Coquille,,,0
1086,,416,14309220,Cow Creek,Cow ah 03,Pool Drop,Glenbrook Loop to Lawson Bar,I,Umpqua,,684.1,53.3,6.5,8.2,,,,42.9246041583997,-123.42195242129446,42.950855355506114,-123.33677948756018,,0,,300.0,Southern Oregon,Not Remote,rural,Nov-Apr,,,Cow Creek,,,0
1088,,419,PACW,Cowlitz River,Cowlitz ac 0,,,,,287.0,1048.0,,,,,46.6129,-121.679,46.668899536133,-121.5059967041,46.674900054932,-121.58799743652,,0,,,,,,,,,,,,0
1089,,420,CORW,Cowlitz River,Cowlitz aa 0,,,,,541.0,880.0,,,,,46.5323,-121.957,,,,,,0,,,,,,,,,,,,0
1092,,423,MAYW,Cowlitz River,Cowlitz ab 0,,,,,1400.0,226.6,64.0,7.5,8.5,,46.5104,-122.616,46.515662,-122.638418,46.483468,-122.730328,,0,,,,,,,,3481,,,,0
1107,,2112,Crabtree aa,Crabtree,Crabtree Creek ag 03,Continous,Larwood Bridge to S Santiam,,Santiam,,,195.89999389648438,18.2,10.800000190734863,covered bridge,,,44.630263,-122.740698,44.675447,-122.957954,CrabtreeCr,0,,600.0,Middle Willamette,Not Very Remote,rural/wooded,Nov-Apr,,1502,Crabtree,,,0
1125,,436,CKKO,Crooked,Crooked 02,Pool Drop,Ranch to Billy Chinook,Portage,Deschutes,,2750.0,248.4,9.95,25.0,3mi lake spiral basalts,44.37,-121.12,44.42688823401111,-121.23261040059532,44.529002969526445,-121.26468931530447,Crooked.lower,0,,2000.0,Central Oregon,Very Remote,desert gorge,Jan-Dec,,3759,Crooked,,,0
1130,,437,CRSO,Crooked,Crooked 01,Pool Drop,Lone Pine to Ranch,,Deschutes,,,569.3,16.48,34.5,,,,44.34893656061567,-121.08206571466025,44.42688823401111,-121.23261040059532,,0,,1000.0,Central Oregon,Very Remote,desert gorge,Nov-Apr,,1503,Crooked,,,0
1201,,461,Deer,Deer Creek,Deer,,,,,,,,,,,,,,,,,,0,,,,,,,,,,,,0
1220,,469,Deschutes 12,Deschutes,Deschutes 12 Lower Bridge to Billy Chinook,,Lower Bridge to Billy Chinook,,Deschutes,2705.0,1980.0,583.0,15.6,37.4,,44.4987,-121.321,44.359610340615035,-121.29481765952987,44.52506932022219,-121.29891012578275,,0,,,,,,,,4346,Deschutes,,,0
1285,,491,DONO,Donner und Blitzen,Donner und Blitzen 0,,,,,200.0,4260.0,829.0,17.2,48.2,,42.7908,-118.868,42.6384,-118.764,42.8013,-118.867,DonnerUndBlitzen,0,,,,,,,,,,,,0
1305,,493,Drift aa,Drift Creek,Drift 0,Continous,Meadow Creek to 3 mi above mouth,,Alsea,,,376.8999938964844,16.3,23.100000381469727,remote. old growth,,,44.498749,-123.883454,44.424948,-123.998347,DriftCr.Alsea,0,,700.0,North Coast,Very Remote,wilderness,Nov-Apr,,1508,Drift Creek (Alsea),,1710,0
1306,,494,Drift,Drift Creek,Drift,Pool Drop,North Creek to Covered Bridge,"Technical,Portage",Siletz,,,267.0,9.1,29.299999237060547,wild,,,44.898463,-123.907806,44.916632,-123.981181,DriftCr.Siletz,0,,400.0,North Coast,Very Remote,wilderness/farm,Nov-Apr,,5782,Drift Creek (Siletz),,1710,0
1407,,542,ELKO,Elk Creek,Elk ab 0,,,,Rogue,129.0,1493.91,271.0,8.3,32.7,,42.6787,-122.742,42.7495,-122.7,42.6623,-122.755,,0,,,Southern Oregon Coast,,,,,5426,,,,0
1486,2026-04-18 00:29:01,2115,FCLO,Fall Creek,Fall 1,Pool Drop,Bedrock to Reservoir,III(IV)-IV(V),Willamette,186.0,1040.5,202.9,7.31,27.8,great close beginners,43.9443,-122.775,43.971900939941,-122.54499816894,43.972301483154,-122.66000366211,,0,,1000.0,Upper Willamette,Not Remote,rural,Nov-Apr,,1511,Fall Creek,54.3,1709,0
1540,,580,14315950,Fish Creek,Fish 2,,Diversion Dam to N Umpqua,,Umpqua,61.6,3050.0,1064.4000244140625,5.7,185.5,,43.2112,-122.428,43.229897,-122.447661,43.296006,-122.477918,,0,,,,,,,,10398,,,1710,1
1766,,652,LGNO,Grande Ronde,Grande Ronde 00 Tony Vey to Red Bridge,Pool Drop,Tony Vey to Red Bridge,Technical,Snake,,2950.0,914.0,18.4,49.6,cattle and barbed wire,45.35,-118.19,45.10929225425638,-118.3750965625975,45.28982921943096,-118.33039160558187,,0,,400.0,Central Oregon,Not Very Remote,forest,Mar-Jun,,1512,Grande Ronde,,,0
1767,,652,Grande Ronde ac,Grande Ronde,Grande Ronde 01 Red Bridge to Hilgard Jct,Continous,Red Bridge to Hilgard Jct,,Snake,,,185.0,9.0,20.6,rifle range,,,45.28982921943096,-118.33039160558187,45.34102165186656,-118.23105364724043,,0,,1000.0,Central Oregon,Not Very Remote,forest,Mar-Jun,,3079,Grande Ronde,,,0
1768,,652,Grande Ronde ad,Grande Ronde,Grande Ronde 02 Hilgard Jct to Riverside Park,Pool Drop,Hilgard Jct to Riverside Park,,Snake,,,221.0,8.7,25.4,downtown,,,45.34102165186656,-118.23105364724043,45.34225583236252,-118.08612070246998,,0,,3000.0,Central Oregon,Not Very Remote,road/urban,Mar-Jun,,1523,Grande Ronde,,,0
1769,,654,Grande Ronde af,Grande Ronde,Grande Ronde 04 Elgin to Palmer Jct,,Elgin to Palmer Jct,,Snake,,,287.0,14.3,20.0,big water.jet boats?,,,45.56240748456561,-117.90877335638433,45.713502347482226,-117.83693563002464,,0,,4000.0,Central Oregon,Not Remote,agricultural,Jan-Dec,,3080,Grande Ronde,,,0
1770,,654,LAGO,Grande Ronde,Grande Ronde 03 Riverside Park to Elgin,Continous,Riverside Park to Elgin,,Snake,,2826.0,118.0,57.7,2.0,wildlife,45.35,-118.12,45.34225583236252,-118.08612070246998,45.56240748456561,-117.90877335638433,,0,,800.0,Central Oregon,Not Remote,agriculture,Mar-Jun,,1513,Grande Ronde,,,0
2042,,715,IMNO,Imnaha River,Imnaha aa 0,,,,Snake,622.0,1941.14,743.0,6.1,120.9,,45.5624,-116.834,45.111684,-117.119831,45.111525,-117.014984,Imnaha,0,,,,,,,,11057,,,,0
2111,,734,14048000,John Day,John Day df 04,,Cottonwood to Columbia,,,7580.0,392.27,276.0,39.5,7.0,,45.5876,-120.409,45.477,-120.469,45.7293,-120.651,,0,,,,,,,,10433,,,,0
2114,,737,14044000,MF John Day,John Day 0,,Abv US 395 to Monument,,,515.0,2544.56,876.0,42.1,20.8,,44.8888,-119.141,44.835781,-119.031964,44.814402,-119.424099,,0,,,,,,,,,,,,0
2209,,759,IRGC,Klamath,Klamath ag 08,,Iron Gate to Sarah Totten,,,,,662.0999755859375,48.7,13.600000381469727,,41.93,-122.45,41.930633,-122.442265,41.788288,-123.053263,,0,,,,,,,,233,Klamath,,1801,0
2210,,760,11509500,Klamath,Klamath ag 01,Pool Drop,Keno to Pioneer Park,,,3920.0,3961.0,264.0,7.4,35.79999923706055,dirty from cow shit,42.1332,-121.962,42.133761,-121.948653,42.133509,-122.031892,,0,,2000.0,Southern Oregon,Somewhat Remote,forest/rural,Nov-Apr,,1522,Klamath,,1801,0
2211,,761,11510700,Klamath,Klamath ag 02,Pool Drop,Pioneer to Spring Island,,,4080.0,3274.82,491.29998779296875,6.1,80.5,threatened,42.0846,-122.073,42.133509,-122.031892,42.089098,-122.072251,Klamath,0,,1500.0,Southern Oregon,Somewhat Remote,forest/rural,Jan-Dec,Wild and Scenic,3858,Klamath,,1801,0
2212,,762,11520500,Klamath,Klamath ag 09,,Sarah Totten to Happy Camp,,,6940.0,1320.0,448.20001220703125,35.3,12.699999809265137,,41.8537,-123.232,41.788288,-123.053263,41.789822,-123.378699,,0,,,,,,,,234,Klamath,,1801,0
2213,,763,11530500,Klamath,Klamath ag 14,,Weitchpec to Requa,,,12100.0,,166.10000610351562,42.4,3.9000000953674316,,41.511,-123.98,41.187396,-123.712891,41.544301,-124.071325,,0,,,,,,,,3865,Klamath,,1801,0
2214,,764,11523000,Klamath,Klamath ag 13,,Dolans Bar to Weitchpec,,,8475.0,355.98,202.60000610351562,17.9,11.300000190734863,,41.3035,-123.535,41.318301,-123.524224,41.187396,-123.712891,,0,,,,,,,,236,Klamath,,1801,0
2219,,766,PITW,Klickitat River,Klickitat 1,Pool Drop,,,Columbia,1297.0,288.9,220.0,11.0,20.0,great surfing,45.7565,-121.21,45.809299468994,-120.92400360107,45.845798492432,-121.06099700928,Klickitat.WA,0,,750.0,Southern Washington,Not Remote,forest/houses,Jan-Dec,,,,,,0
2223,,767,14107000,Klickitat River,Klickitat 0,,,,,151.0,2720.0,,,,,46.2648,-121.245,,,,,,0,,,,,,,,,,,,0
2379,,815,HSSW,EF Lewis River,Lewis ac 0,,,,,125.0,356.8,65.0,3.0,21.7,,45.8368,-122.466,45.812328338623,-122.54250335693,45.814292907715,-122.58856201172,,0,,,,,,,,,,,,0
2401,,818,11507500,Link River,Link,,,,,3810.0,4083.71,,,,,42.2235,-121.794,42.231955,-121.800626,42.218233,-121.788556,,0,,,,,,,,11613,,,,0
2428,,839,Klickitat ac,Little Klickitat River,Klickitat 2,,,,,,,868.0,9.8,88.2,,,,45.809299468994,-120.92400360107,45.845798492432,-121.06099700928,,0,,250.0,Southern Washington,,,Feb-Apr,,2153,,,,0
2448,,850,LOCI,Lochsa,Lochsa 0,"Big river, boulder gardens, road",,,Clearwater,1180.0,1452.98,,26.0,37.0,,46.1508,-115.587,46.348056793213,-115.35944366455,46.333476351819,-115.34819255916,,0,,3.0,,,,Apr-Jul,,,,,,0
2469,2026-04-17 21:30:35,857,UMNRO,Long Tom,Long Tom c aa 0,Pool Drop,Fern Ridge to Willamette,,Willamette,391.0,339.46,86.3,23.5,3.7,low head dams class VI,44.273932,-123.28391,44.12143595776675,-123.30060276767509,44.380119724132285,-123.24853847817927,LongTom.lower,0,"https://www.longtom.org/water/
https://storymaps.arcgis.com/stories/67e9eca2ac0d45959f03e6ce0e3a37f8",100.0,Middle Willamette,Not Remote,rural/channelized,Jan-Dec,,,Long Tom,,,0
2532,,,Luckiamute aa,Little Luckiamute,Luckiamute ag 01,Continous,Socialist Valley Rd to Falls City,,Willamette,,,255.89999389648438,2.7,93.80000305175781,,,,44.872309,-123.495943,44.869932,-123.451122,,0,,,Central Coast,Not Very Remote,wooded,,,,Luckiamute,,,0
2533,,878,SUVO,Luckiamute,Luckiamute ag 03,,Helmick to Willamette,,Willamette,240.0,171.92,27.100000381469727,15.4,1.7999999523162842,,44.7832,-123.235,44.78038,-123.238541,44.768341,-123.146822,,0,,500.0,Middle Willamette,Not Remote,wooded,Nov-Apr,,,Luckiamute,,,0
2617,,910,PHIO,Marys River,Marys aa 0,Continous,,,Willamette,159.0,224.01,329.0,19.7,16.7,,44.5262,-123.335,44.581217,-123.507605,44.534244,-123.37346,,0,,500.0,Middle Willamette,Not Remote,rural,Nov-Apr,,1525,,,,0
2657,,923,VIDOX,McKenzie,McKenzie dc aa aa 0,Continous,Paradise to Finn Rock,,Willamette,930.0,1531.0,559.2,17.9,31.2,Redsides ender spot,44.156995,-122.234989,44.185539,-122.089813,44.128451,-122.380165,McKenzie,0,,1000.0,Upper Willamette,Not Remote,forest/rural,Jan-Dec,,10888,,,,0
2658,,924,14164900,McKenzie,McKenzie dg 0,Continous,Hayden to Armitage,,Willamette,,456.1,64.1,7.7,8.3,,44.0712,-122.965,44.07257195817611,-122.96524604636718,44.112204301394385,-123.04799747040082,,0,,1000.0,Upper Willamette,,agriculture/rural,Jan-Dec,,,,,,0
2660,,925,MCZO3,McKenzie,McKenzie df 0,Continous,Hendricks to Hayden Bridge,,Willamette,1081.0,556.1,100.0,9.4,10.6,paper mill,44.0699,-122.771,44.05611251248113,-122.82920657357234,44.07257195817611,-122.96524604636718,,0,,1000.0,Upper Willamette,Not Remote,agriculture/rural,Jan-Dec,,,,,,0
2662,,926,SFCO,SF McKenzie,McKenzie 0 East Fork of the South Fork 1,Continous,Above French Pete to Cougar,,Willamette,,2289.9,663.0,8.7,76.5,hot springs,44.05,-122.22,43.98482833,-122.17410494,44.07700753,-122.22635902,McKenzie.SFk,0,,2000.0,Upper Willamette,Not Remote,forest,Nov-Apr,Wild and Scenic,1528,,,,0
2665,,929,MZLO,McKenzie,McKenzie de aa 0,Continous,Leaburg Dam to Hendricks Bridge,,Willamette,1030.0,723.0,266.8,24.0,11.1,,44.1237,-122.628,44.13721,-122.611673,44.072729,-122.964658,,0,,1000.0,Upper Willamette,Not Remote,agriculture,Jan-Dec,,1527,,,,0
2712,,945,14091500,Metolius River,Metolius 0,Continous,,,Deschutes,,,1024.0,28.0,36.5,spring fed,,,44.439899,-121.636002,44.6185,-121.468002,Metolius,0,,1500.0,Central Oregon,Somewhat Remote,forest/fishing,Jan-Dec,Wild and Scenic,1529,,,,0
2723,,951,OAKO,MF Willamette,Willamette 0b MF 0,Pool Drop,Oakridge to Black Canyon,,Columbia,,935.0,309.8,12.14,25.5,dam control,43.8,-122.57,43.71356741740896,-122.42528633239586,43.80813502918721,-122.56533259705932,Willamette.MFk,0,,1300.0,Upper Willamette,Not Remote,forest/rural,Jan-Dec,,1566,,,,0
2725,,953,UJASO,MF Willamette,Willamette 0b MF 1,Continous,Dexter to Jasper,,Columbia,,513.0,103.7,7.24,14.3,dam control,44,-122.9,43.925317407563966,-122.81140290002602,43.9877496203871,-122.89996308778325,,0,,2000.0,Upper Willamette,Not Remote,rural,Jan-Dec,,1567,,,,0
2727,,955,HCRO3,Hills Creek,Hills Creek 0,,,,,,1208.0,,,,,43.72,-122.43,,,,,,1,,,,,,,,,,,,0
2783,,980,13331500,Minam River,Minam,,,,,240.0,2540.48,944.0,12.0,78.6,,45.6199,-117.727,45.226525,-117.524561,45.346958,-117.625346,,0,,,,,,,,11639,,,,0
2786,,982,MCNW,Mineral Creek,Mineral aa 0,,,,,75.2,1340.0,141.0,4.1,34.1,,46.7443,-122.145,46.709552764893,-122.1554107666,46.762424468994,-122.19267272949,,0,,,,,,,,3533,,,,0
2824,,1000,SPRO,Mohawk River,Mohawk 0,Continous,,Technical,Willamette,,442.0,226.0,5.8,39.0,high waterfall,44.1,-122.95,,,,,Mohawk,0,,400.0,Upper Willamette,Not Remote,forest/rural,Nov-Apr,,,,,,0
2829,,2102,CANO,Molalla,Molalla 4,Continous,Turner Bridge to Glen Avon Bridge,Technical,,323.0,537.1,171.0,6.2,27.6,columnar basalt canyon,45.2443,-122.687,45.0775,-122.485,45.1381,-122.534,,0,,2400.0,Lower Willamette,Not Very Remote,forest/canyon,Nov-Apr,,1533,Molalla,,,0
2830,,1005,Molalla,Molalla,Molalla 6,Continous,Feyrer Park to Willamette,,,,366.1,255.4,14.8,17.2,,45.19154,-122.609805,45.13868,-122.53351,45.2444,-122.6861,,0,,1500.0,Lower Willamette,Not Very Remote,rural,Nov-Apr,,,Molalla,,,0
2832,,2102,"Molalla, Copper Creek to Table Rock Fork",Molalla,Molalla 2,Pool Drop,Copper Creek to Table Rock Fork,III+(IV),,,1633.5,417.0,5.0,82.9,deep canyon,44.941525,-122.372605,44.92425,-122.33933,44.9588,-122.40588,,0,,500.0,Lower Willamette,Not Very Remote,forest/canyon,Nov-Apr,,2712,Molalla,,,0
2833,,1005,Molalla ae,Molalla,Molalla 5,Pool Drop,Glen Avon Bridge to Feyrer Park,,,,537.8,427.1,20.8,20.5,,45.16281,-122.586015,45.08122,-122.48593,45.2444,-122.6861,,0,,1500.0,Lower Willamette,Not Remote,agriculture/rural,Nov-Apr,,5021,Molalla,,,0
2944,,1020,MUCW,Muddy River,Muddy 2,,,,,135.0,1032.9,220.0,5.4,40.6,,46.0757,-121.999,46.121599,-122.015412,46.071227,-122.018388,,0,,,,,,,,2167,,,,0
3000,,1045,NRVO,Upper,Nehalem ab 01,,Upper to Vernonia,,Nehalem,69.78,640.0,82.5,10.2,8.100000381469727,,45.8071,-123.283,45.806969,-123.282684,45.854949,-123.190382,Nehalem,0,,,North Coast,,,,,3648,Nehalem,,1710,0
3011,,1050,BEAO,Nestucca River,Nestucca 0,Pool Drop,,,Nestucca,,43.0,350.0,14.0,25.0,,45.27,-123.85,,,,,Nestucca,0,,3000.0,North Coast,Not Remote,hills/rural,Nov-Apr,Wild and Scenic,,,,,0
3048,,,NF Alsea,NF Alsea,Alsea 01 NF Alsea Mill Creek,Continous,North Fork Bridge to Mill Creek Park,I,,,353.6,97.0,5.5,17.6,,44.4002,-123.5955,44.415694,-123.562646,44.384766,-123.621989,,0,,700.0,North Coast,Not Remote,forest,Nov-Apr,,,Alsea,,,0
3053,,1065,CRSI,NF Clearwater,Clearwater aa 0,"Big river, boulder gardens, road",,,Clearwater,1360.0,1660.0,1128.0,23.3,48.4,,46.8406,-115.621,46.909754,-115.118239,46.716734,-115.25722,,0,,10000.0,,,,May-Jul,,,,,,0
3067,,1073,NWFO,NF of MF Willamette,Willamette 0a NF of MF 1,Pool Drop,Gorge to Westfir,,Columbia,,,256.4,8.93,28.7,gorgeous,43.758,-122.508,43.84157336370967,-122.40484056266548,43.75924739822725,-122.49492780670543,Willamette.NFk.MFk,0,,2000.0,Upper Willamette,Not Remote,forest/old growth,Oct-May,Wild and Scenic,5020,,,,0
3090,,1086,NISW,Nisqually River,Nisqually ab 0,,,,,133.0,1450.0,,,,,46.7526,-122.084,,,,,,0,,,,,,,,,,,,0
3091,,1087,12086000,Nisqually River,Nisqually 0,,,,,289.0,925.0,253.0,2.8,90.1,,46.8226,-122.304,46.823600769043,-122.30300140381,46.843700408935,-122.33100128174,,0,,,,,,,,3117,,,,0
3092,,1088,LGRW,Nisqually River,Nisqually 1,,,,,292.0,490.0,,,,,46.8434,-122.331,,,,,,0,,,,,,,,,,,,0
3093,,1089,MKNW,Nisqually River,Nisqually aa 0,,,,,517.0,285.47,198.0,16.6,11.9,,46.9334,-122.561,46.846989,-122.331096,46.932949,-122.559478,,0,,,,,,,,2169,,,,0
3138,,1104,14208700,Oak Grove Fork,Oak Grove Fork,,,,Willamette,54.4,3041.83,,,,,45.1137,-121.815,,,,,,0,,,,,,,,,,,,0
3212,,1126,ROMO,Owyhee,Owyhee 08 Rome to Leslie Gulch,Pool Drop,Rome to Leslie Gulch,,Owyhee,8000.0,3344.2,720.0,68.2,10.6,isolated.3000 deep canyon.hot springs.petroglyph,42.8664,-117.649,42.83650975345337,-117.62183908094813,43.321711164026325,-117.32586364627775,Owyhee,0,,3000.0,Central Oregon,Very Remote,desert/gorge,Mar-May,,1538,,,,0
3230,,1131,Pacific Ocean,Pacific Ocean,Pacific Ocean,,,,,,,,,,,,,,,,,,0,,,,,,,,,,,,0
3282,,1150,PRLI,SF Payette,Payette 8,"Mountain river, rock gardens, road, heavy use",,,Payette,456.0,3790.0,1429.0,35.5,40.2,,44.0853,-115.622,44.146999,-115.153999,44.081001,-115.657997,,0,,1500.0,,,,Apr-Sep,,,,,,0
3289,,1154,13237920,MF Payette River,Payette 6,,,,,340.0,3040.0,93.0,2.7,33.9,,44.1086,-115.982,44.237672,-115.898474,44.21248,-115.919816,,0,,,,,,,,,,,,0
3290,,1155,HRSI,Payette,Payette 13,"Gentle river, pool-drop, road, heavy use",,,Payette,2220.0,2625.61,107.0,7.2,14.8,,43.9433,-116.197,44.084,-116.116,44.006,-116.18,,0,,6000.0,,,,Apr-Oct,,4360,,,,0
3291,,1156,PAYI,NF Payette,Payette 1,,,,,144.0,4967.75,160.0,15.6,10.3,,44.9072,-116.119,44.911646,-116.118986,44.790488,-116.140901,,0,,,,,,,,,,,,0
3293,,1157,CSCI,NF Payette,Payette 2,"Contricted mountain river, road",,,Payette,,4720.0,,16.0,106.0,,44.53,-116.03,,,,,,0,,1400.0,,,,May-Sep,,,,,,0
3294,,1157,13245000,"Payette, Cabarton Run",Payette 12,"Low gradient, rock gardens, some road, secluded",,,Payette,,4720.0,,9.0,21.0,,44.53,-116.03,,,,,,0,,3000.0,,,,May-Oct,,,,,,0
3504,,1235,ELEW,Puyallup River,Puyallup aa 0,,,,,92.8,1632.7,869.0,9.6,90.1,,46.9037,-122.035,46.918701,-122.053001,46.993599,-122.176003,,0,,,,,,,,3881,,,,0
3650,,1281,MCLO,Rogue,Rogue ag 07,,Lost Creek,,Rogue,938.0,1541.9,393.8,31.2,12.6,,42.6554,-122.715,42.66508912350253,-122.68729909282656,42.437474896817974,-122.99027737230944,,0,,,,,,,,5068,,,,0
3652,,1283,aw_3196,NF Rogue,Rogue ag 03,,River Bridge,,Rogue,,2812.7,206.8,5.1,40.3,beautiful. old growth,,,42.82086060990345,-122.49413860935208,42.757572947134584,-122.49894208918948,Rogue.upperNFk,0,,800.0,Southern Oregon,Not Very Remote,forest,Jan-Dec,,,,,,0
3655,,1286,aw_4023,NF Rogue,Rogue ag 04,Pool Drop Continous,Mill,,Rogue,,2200.4,324.7,3.5,91.5,high canyon walls. 180fpm,,,42.74008619675127,-122.49604961241431,42.71243877849794,-122.54738040901181,,0,,700.0,Southern Oregon,Somewhat Remote,canyon,Mar-Apr,,,,,,0
3657,,1288,RYGOX,Rogue,Rogue ag 08,,Gold Ray Dam,,Rogue,2053.0,1148.2,78.9,5.3,14.9,,42.4373,-122.987,42.437474896817974,-122.99027737230944,42.43729014305319,-123.04201609647392,,0,,,,,,,,1540,,,,0
3658,,,Rogue ba,MF Rogue,Rogue ag 05,Pool Drop,Butte Falls to Lost Creek Lake,Portage,Rogue,,2424.2,548.4,6.8,81.0,vertical canyon. 160fpm,,,42.73390245550866,-122.43952896814683,42.71203029126283,-122.54747178775536,,0,,500.0,Southern Oregon,Somewhat Remote,canyon,Mar-Apr?,,10417,,,,0
3676,,1290,DORO,Row River,Row 1,,,,,270.0,685.24,91.0,4.2,21.4,,43.7929,-122.991,43.788101196289,-122.96199798584,43.789398193359,-123.02500152588,,0,,,,,,,,1542,,,,0
3677,,1291,DRRO,Row River,Row 0,,,,,211.0,856.16,,,,,43.736,-122.873,43.6226,-122.586,43.64,-122.655,,0,,,,,,,,,,,,0
3766,,1341,SMNI,Salmon,Salmon 11,,,,,3760.0,3911.14,1739.0,109.2,15.9,,45.1836,-113.895,44.268914,-114.327079,45.40465,-113.994668,,0,,,,,,,,610,,,,0
3767,,1342,Salmon an,Salmon Creek,Salmon 5,Continous,,,Willamette,,,472.0,7.5,63.0,12 falls,,,,,,,,0,,1000.0,Upper Willamette,Not Remote,forest,Nov-Apr,,,,,,0
3770,,1345,WHBI,Salmon,Salmon 13,"Wild and Scenic River, big waves, beaches, heavy use",,,Salmon,13550.0,1412.65,217.0,23.4,9.3,,45.7503,-116.324,45.453754,-115.945619,45.425485,-116.310982,,0,,20000.0,,,,April-September,,1464,,,,0
3775,,1347,13310700,SF Salmon,Salmon 8,"Steep mountain river, boulder rapids, wilderness",,,Salmon,,,,32.0,42.0,,,,45.256228282485,-115.89688471076,45.214493,-115.809599,,0,,,,,,May-Jul,,,,,,0
3776,,1348,MIDI,MF Salmon,Salmon 6,"Wild and Scenic River, gorge, wilderness",,,Salmon,,4380.0,,100.0,28.0,,44.72,-115.02,44.4089,-115.183,44.5319,-115.294,,0,,4.0,,,,Apr-Sep,,,,,,0
3777,,1349,RIGI,Little Salmon,Salmon 0,"Swift-water, ledges, rock gardens, logs, road",,,Salmon,576.0,1760.0,297.0,3.1,97.2,,45.4131,-116.325,45.155677175344,-116.26780287754,45.182859779333,-116.28416814688,,0,,1200.0,,,,Apr-Jun,,,,,,0
3779,,1351,13296500,Salmon,Salmon 10,,,,,802.0,5900.0,193.0,9.3,20.7,,44.2683,-114.733,44.223548,-114.927482,44.263184,-114.791553,,0,,,,,,,,608,,,,0
3878,,1432,LSBO,Little Sandy,Sandy a 0,,FS14 to Marmot Rd,,,22.3,720.0,1624.6,8.99,180.7,,45.4154,-122.171,45.40368835746336,-122.02155501635369,45.41466916098962,-122.17518926651643,,0,,,Lower Willamette,,,,,3211,,,,0
3882,,1434,Sandy h,Sandy,Sandy e 0,,Oxbow to Lewis and Clark,,,,,50.2,8.5,5.9,fee,,,45.49137207420514,-122.30736623388944,45.54037488084899,-122.37963216299362,Sandy,0,,1000.0,Lower Willamette,Not Very Remote,forest,Jan -Dec,,,,,,0
3884,,1434,SNDO,Sandy,Sandy d 0,Continuous,Dodge to Oxbow,Technical,Columbia,,240.0,187.0,7.77,24.1,fast,45.43,-122.23,45.445204149209985,-122.25292234433759,45.49137207420514,-122.30736623388944,,0,,1000.0,Lower Willamette,Not Very Remote,forest/houses,Nov-Apr,,11276,,,,0
3929,,1477,SSCO,South Santiam,Santiam da 02,Pool Drop,Mountain House to Foster,,Willamette,,760.0,679.3,18.37,37.0,,44.4,-122.52,44.40384102151438,-122.30242693716316,44.40574836540975,-122.59228323552416,Santiam.SFk.upper,0,,1000.0,Middle Willamette,Not Remote,forest/canyon,Nov-Apr,,1553,,,,0
3930,,1478,BCKO,North Santiam,Santiam ba 0,Continous,Bruno to Detroit,,Willamette,,1590.0,477.8,7.95,60.1,great playing,44.7,-122.1,44.69143721086078,-121.9874704116574,44.71244884543844,-122.11833393206521,Santiam.NFk.upper,0,,1500.0,Middle Willamette,Not Remote,forest,Nov-Apr,,1550,,,,0
3934,,1484,SSFO,South Santiam,Santiam db aa 0,Continous,Foster to Jefferson,,Willamette,557.0,530.0,303.4,33.98,8.9,,44.4123,-122.689,44.414150742487365,-122.6754908473632,44.707831487246644,-122.97210978559465,,0,Also covers AW reach 10425,900.0,Middle Willamette,Not Very Remote,rural/agriculture,Jan-Dec,,1554,,,,0
3943,,1487,UJFFO,Santiam,Santiam ea aa 0,Continous,Jefferson to Buena Vista,,Willamette,,200.0,89.5,16.53,5.4,dam control,44.72,-122.02,44.707831487246644,-122.97210978559465,44.76874116418321,-123.14733181514235,,0,,1500.0,Middle Willamette,Not Very Remote,pastoral/hills,Jan-Dec,,,,,,0
3944,,1488,UMEHO,North Santiam,Santiam bz 04,Continous,Mehama to Stayton,Portage,Willamette,,602.0,175.2,10.31,17.0,dam control,44.78,-122.62,44.78842135152574,-122.61758675415224,44.79120139870133,-122.79491953681858,Santiam.NFk.lower,0,,1500.0,Middle Willamette,Not Remote,agriculture,Jan-Dec,,10429,,,,0
3990,,1498,SELI,Selway,Selway 0,"Big gentle river, road",,,Clearwater,1910.0,1540.0,238.0,18.3,13.0,,46.0867,-115.514,46.053718,-115.310221,46.140719,-115.59954,,0,,10000.0,,,,May-Jul,,624,,,,0
4008,,1508,Alsea b,SF Alsea,Alsea b 0,Pool Drop,Hubert McBee Memorial Park to Rock Quarry Weir,II-III,Alsea,,674.9,319.0,6.9,46.1,scenic spots. falls,44.34115,-123.5395,44.33143834434758,-123.50191753186704,44.35100163214358,-123.57700921754234,,0,,500.0,North Coast,Not Remote,forest/logging,Nov-Apr,,1485,,,,0
4012,,1509,STII,SF Clearwater,Clearwater ae 0,"Rock gardens, logs, road",,,Clearwater,1150.0,1311.99,277.0,5.6,49.8,,46.0864,-115.977,45.836,-115.987,45.8948,-116.04,,0,,1500.0,,,,May-Jun,,,,,,0
4038,,1527,MCMO,SF Yamhill River,Yamhill ab 0,Continous,,,Willamette,528.0,50.0,44.0,11.0,4.0,,45.2057,-123.183,45.0619389,-123.57117176,45.09859531,-123.40334415,,0,,1000.0,Middle Willamette,Not Very Remote,rural/flatland,Nov-Apr,,,,,,0
4039,,1528,Yamhill ac,SF Yamhill River,Yamhill 0,Pool Drop,,Technical,Willamette,,,150.0,15.0,10.0,,,,,,,,Yamhill.SFk,0,,1000.0,Middle Willamette,Not Very Remote?,wooded/flatland,Nov-Apr,,,,,,0
4062,,1533,14093000,Shitike Creek,Shitike 0,,,,,104.0,1380.0,319.0,2.5,126.4,,44.7643,-121.236,44.787,-121.345,44.7723,-121.306,,0,,,,,,,,10823,,,,0
4114,,1545,MPLO3,Siuslaw,Siuslaw aa 02,Continous,Smith Creek to Swisshome,,Siuslaw,588.0,41.0,90.4,7.46,12.1,,44.0623,-123.883,44.038362570993655,-123.67526737061094,44.056337485199776,-123.78129602562682,Siuslaw,0,,2500.0,North Coast,Not Remote,forest/logging,Nov-Apr,,,,,,0
4409,,1666,Sunshine,Sunshine Creek,Sunshine,Continous,,,Siletz,,,168.10000610351562,2.4,71.4000015258789,,,,44.811074,-123.744965,44.817126,-123.781031,,0,,800.0,Central Coast,Fairly Remote,wooded,,,,,,1710,1
4505,,1700,TRSO,Thomas Creek,Thomas c 0,Continous,Hannah to Gilkey,Technical,,,380.0,172.3,12.07,14.3,flashes,44.72,-122.77,44.712072215251006,-122.71895013157149,44.68801826816635,-122.90347158797113,ThomasCr,0,,600.0,Middle Willamette,Somewhat Remote,rural/agriculture,Nov-Apr,,,,,,0
4573,,1724,TSFW,SF Toutle River,Toutle aa 0,,,,,120.0,400.0,2162.0,17.1,126.1,,46.3221,-122.697,46.209167480469,-122.26721954346,46.25305557251,-122.57389068603,,0,,,,,,,,,,,,0
4574,,1725,TOTW,Toutle River,Toutle ab 0,,,,,496.0,120.0,,,,,46.3337,-122.84,46.333618164062,-122.38027954102,46.32597732544,-122.46215820312,,0,,,,,,,,,,,,0
4630,,1754,WSLO,Tualatin,Tualatin ad 0,,Stafford Road Bridge to Willamette,,Willamette,706.0,85.61,43.7,5.54,7.9,,45.3507,-122.676,45.379408,-122.698415,45.3371,-122.6494,Tualatin,0,,,,,,,,,Tualatin,,,0
4679,,1781,UMAO,Umatilla,Umatilla a 02,,Fish Hatchery to Umatilla,,Columbia,2290.0,381.2,113.9,2.9,39.3,,45.9029,-119.327,45.882796,-119.325512,45.913815,-119.345045,,0,,,,,,,,10444,Umatilla,,,0
4688,,1785,NUMO,North Umpqua,Umpqua a N 01,Pool Drop,Boulder Flat to Gravel Bin,,Umpqua,,1580.0,484.1,14.18,34.1,,43.28,-122.53,43.30427060350597,-122.52644861257595,43.34133646549422,-122.72513177682502,,0,,900.0,Southern Oregon,Not Remote,forest,Jan-Dec,Wild and Scenic,1561,,,,0
4689,,1786,GLIO,North Umpqua,Umpqua a N 02,Pool Drop,Gravel Bin to Baker Wayside,,Umpqua,,,328.1,15.99,20.5,,43.32,-122.82,43.34133646549422,-122.72513177682502,43.31632311960162,-122.97364712833449,,0,,2000.0,Southern Oregon,Not Remote,forest,Jan-Dec,Wild and Scenic,1561,,,,0
4690,,2107,WINO,North Umpqua,Umpqua a N 04,Pool Drop,Idleyd to Confluence,Technical,Umpqua,,0.0,348.9,32.8,10.6,gem/warm,43.28,-123.37,43.32207170709089,-123.04837984197093,43.272282535464115,-123.44586677003483,,0,,2000.0,Southern Oregon,Not Remote,forest/rural,Jan-Dec,,1562,,,,0
4691,,1788,EKTO,Umpqua,Umpqua d 01,Pool Drop,Confluence to Scottsburg,,Umpqua,,90.0,341.1,84.37,4.0,popular,43.58,-123.55,43.272282535464115,-123.44586677003483,43.64969330788351,-123.83915518944717,Umpqua,0,,1200.0,Southern Oregon,Not Remote,Broad valley,Jan-Dec,,1560,,,,0
4700,,1794,RSBO,South Umpqua,Umpqua c S 07,Pool Drop,Lawson Bar to Confluence,,Umpqua,,415.0,271.5,46.83,5.8,I-5,43.22,-123.35,42.95095573632315,-123.336607035426,43.272282535464115,-123.44586677003483,,0,,2500.0,Southern Oregon,Not Remote,"rural, I-5",Nov-Apr,,3769,,,,0
4815,,1847,13329770,Wallowa River,Wallowa 0,Continous,,,Grande Ronde,272.0,3330.0,1012.0,46.0,22.0,basalt.popular.wilderness. Grande Ronde R.,45.4882,-117.404,,,,,Umpqua,0,,4000.0,,Not Very Remote,forest/canyon/basalt,Jan-Dec,Wild and Scenic,,,,,0
4912,,1882,WFHO,WF Hood,Hood ag 07,Pool Drop,Lake Fork to Punchbowl Rd,,Columbia,,,437.70001220703125,5.3,82.80000305175781,13falls,45.599,-121.648,45.548742,-121.700422,45.600308,-121.635982,Hood.WFk,0,,1100.0,Lower Willamette,Somewhat Remote,forest,Nov-Apr,,1516,Hood,,,0
4940,,1898,TYGO,White River,White 0,,,,Deschutes,,870.0,440.0,11.0,40.0,beautiful canyon,45.25,-121.1,,,,,White,0,Forumula from a regression,900.0,Central Oregon,Somewhat Remote,forest/canyon,Nov-Apr,,,,,,0
4953,,1900,UNDW,White Salmon,White Salmon aa 0,Pool Drop,,,Columbia,386.0,112.96,155.0,2.5,60.9,scenic.fee,45.7521,-121.527,46.002514,-121.538147,45.988472,-121.492142,,0,,1200.0,Southern Washington,Not Very Remote,forest/canyon,Jan-Dec,,,,,,0
4981,,1911,WNFO,Wiley Creek,Wiley 0,,,Technical,Santiam,51.8,716.08,766.4,7.39,103.7,beautiful. 4 mi hike,44.3723,-122.623,44.31674540705466,-122.51815721237898,44.37184946425468,-122.6172548129704,WileyCr,0,,500.0,Middle Willamette,Somewhat Remote,forest/logging,Nov-Apr,,3041,,,,0
4986,,1914,UEUGO,Willamette,Willamette 0d 0,Continous,Jasper to Alton Baker,,Columbia,,390.0,130.8,13.29,9.8,rookery,44.05,-123.08,43.98761067332584,-122.89979947303483,44.05230003134617,-123.07795925957817,,0,,2000.0,Upper Willamette,Not Remote,urban/industry,Jan-Dec,,1565,,,,0
4987,,1915,GOSO,CF Willamette,Willamette 0c CF 1,,Creswell to Springfield,,Columbia,642.0,473.8,119.7,14.59,8.2,,43.9804,-122.966,43.9147832889912,-122.99376669827262,44.04753262760216,-123.0432141960667,,0,,,,,,,,,,,,0
4988,,1916,UALBO,Willamette,Willamette 0d 2,,Harrisburg to Albany,,Columbia,,167.0,120.4,41.42,2.9,,44.63,-123.1,44.27317913629096,-123.17410796872477,44.639958814240124,-123.10693878582761,,0,,,,,,,,,,,,0
4991,,1918,14197900,Willamette,Willamette 0d 3,,Salem to Newberg,,,8350.0,0.0,61.6,34.39,1.8,,45.2846,-122.961,44.94661067264944,-123.04318318752148,45.28560736611547,-122.96899787178025,,0,,,,,,,,,,,,0
4994,,1921,COTO,CF Willamette,Willamette 0c CF 0,,Cottage Grove to Creswell,,,104.0,711.0,98.6,11.0,9.0,,43.7207,-123.05,43.78944335575131,-123.02472069689784,43.9147832889912,-122.99376669827262,,0,,,,,,,,,,,,0
4995,,1922,UHARO,Willamette,Willamette 0d 1,Pool Drop,Alton Baker to Harrisburg,,Columbia,342.0,288.39,112.5,20.76,5.4,Greenway,44.2704,-123.174,44.05230003134617,-123.07795925957817,44.27317913629096,-123.17410796872477,,0,,6000.0,Upper Willamette,Not Remote,urban/rural,Jan-Dec,,2723,,,,0
4996,,1923,ORC,Willamette,Willamette 0d 4,,Newberg to Willamette Falls,,Columbia,10000.0,90.0,4.3,22.02,0.2,,45.3485,-122.62,45.28560736611547,-122.96899787178025,45.338380147397345,-122.64956663005094,,0,,,,,,,,,,,,0
4997,,1924,PRTO,Willamette,Willamette 0d 5,,Clackamette to Columbia,,Columbia,,2.0,2.0,24.6,0.10000000149011612,,45.52,-122.67,45.372583,-122.603216,45.651203,-122.766262,,0,,,,,,,,,,,,1
5013,,1930,WMSO,Williamson,Williamson a aa 0,,,,,3000.0,4148.5,,,,,42.5649,-121.879,,,,,Williamson,0,,,,,,,,,,,,0
5014,,1931,11493500,Williamson,Williamson,,,,,1290.0,4483.16,,,,,42.7401,-121.834,42.740643,-121.834071,42.657733,-121.849725,,0,,,,,,,,11029,,,,0
5046,2026-04-18 01:05:36,1948,WCLO,Winberry Creek,Winberry 0,Creek,Campground to Reservoir,III+(V),Willamette,,1125.9,285.1,4.92,58.0,,43.911617,-122.657847,43.900508,-122.619289,43.922726,-122.696405,WinberryCr,0,,500.0,Upper Willamette,Not Remote,forest,Nov-Apr,,3209,Winberry Creek,111.4,1709,0
5051,,1950,Wind aa,Wind River,Wind 0,Pool Drop,,Portage,,,,250.0,5.0,50.0,Falls to Portage,,,45.808498,-121.908997,45.753502,-121.842003,Wind.WA,0,,800.0,Southern Washington,Not Very Remote,forest/gorge,Nov-May,,2273,,,,0
5163,,761,aw_11615,Klamath,Klamath ag 04,,Access 6 to 1,II+,,,,122.69999694824219,5.0,24.600000381469727,,41.978766,-122.221503,41.991229,-122.190844,41.964207,-122.261113,,0,,,,,,,,11615,Klamath,,1801,0
5165,,1566,aw_297,"Smith, Middle Fork",Smith am ,,Patrick Creek Campground to Forks River Access,II-V,,,,,17.0,47.0,,41.8367143,-123.94987471499999,41.874298,-123.843427,41.7991306,-124.05632243,,0,,,,,,,,297,"Smith, Middle Fork",,,0
5169,,761,aw_3169,Klamath,Klamath ag 03,,Spring Island to Access 6,III-IV+,,,,581.9000244140625,12.2,47.70000076293945,,42.040466,-122.1313555,42.089098,-122.072251,41.991229,-122.190844,,0,,,,,,,,3169,Klamath,90.0,1801,0
5171,,761,aw_11684,Klamath,Klamath ag 05,,Access 1 to K'utárawáx·u,II,,,,0.0,4.2,0.0,,41.9730835,-122.2917745,41.964207,-122.261113,41.980328,-122.332205,,0,,,,,,,,11684,Klamath,,1801,0
5172,,759,aw_11616,Klamath,Klamath ag 07,,K'účasčas to Iron Gate,II+,,,,150.8000030517578,6.3,23.799999237060547,,41.951169500000006,-122.40537549999999,41.97143,-122.368438,41.930633,-122.442265,,0,,,,,,,,11616,Klamath,,1801,0
5173,,759,aw_10976,Klamath,Klamath ag 06,,K'utárawáx·u to K'účasčas,IV,,,,278.5,2.6,107.9000015258789,,41.975930500000004,-122.3490645,41.980328,-122.332205,41.97143,-122.368438,,0,,,,,,,,10976,Klamath,85.0,1801,0
5174,,762,aw_232,Klamath,Klamath ag 11,,Coon Creek to Green Riffle,II,,,,242.60000610351562,19.5,12.399999618530273,,41.5230495,-123.50098299999999,41.613033,-123.495365,41.433008,-123.50694,,0,,,,,,,,232,Klamath,,1801,0
5175,,764,aw_235,Klamath,Klamath ag 12,,Ishi Pishi to Dolans Bar,III+(IV),,,,84.0999984741211,5.4,15.5,,41.348197,-123.50921650000001,41.377604,-123.493698,41.318301,-123.524224,,0,,,,,,,,235,Klamath,,1801,0
5176,,762,aw_3170,Klamath,Klamath ag 10,,Happy Camp to Coon Creek,III+(IV),,,,270.0,17.9,15.100000381469727,,41.7015995,-123.4375,41.789822,-123.378699,41.613033,-123.495365,,0,,,,,,,,3170,Klamath,,1801,0
5189,,1566,aw_298,"Smith, North Fork",Smith am ,,Major Moore's Bridge to Gasquet,III-IV,,,,,15.0,40.0,,41.9123275,-123.97797700000001,41.98177,-123.959908,41.842885,-123.996046,,0,,,,,,,,298,"Smith, North Fork",,,0
5193,,1566,aw_11621,"Smith, Middle Fork",Smith am ,,Hwy 199 Pull-out Put-in to Patricks Creek,IV-V,,,,,1.1,91.0,,41.8718115,-123.8371825,41.869324,-123.830939,41.874299,-123.843426,,0,,,,,,,,11621,"Smith, Middle Fork",138.0,,0
5194,,1566,aw_299,"Smith, South Fork",Smith am ,,Stevens Bridge to Craigs Beach River Access,II-IV+,,,,,12.0,31.0,,41.743321,-123.9779555,41.693041,-123.93018,41.793601,-124.025731,,0,,,,,,,,299,"Smith, South Fork",41.0,,0
5196,,1566,aw_11581,"Smith, South Fork",Smith am ,,Buck Creek to Stevens Bridge,IV(V),,,,,7.8,63.0,,41.6721045,-123.887824,41.650932,-123.845641,41.693277,-123.930007,,0,,,,,,,,11581,"Smith, South Fork",,,0
5298,,1345,aw_612,Salmon,Salmon as ,,6 - Corn Creek to Carey Creek,III-IV,,,,980.0,80.2,12.2,,45.411715,-115.316756,45.369676,-114.687928,45.453754,-115.945584,,0,,,,,,,,612,Salmon,,,0
5300,,220,aw_561,Jarbidge,Jarbidge z ,,Jarbidge Forks to Bruneau River (Indian Hot Springs),II-V,,,,1274.0,29.6,43.1,,42.194,-115.519,42.05,-115.391,42.338,-115.647,,0,,,,,,,,561,Jarbidge,0.0,,0
5302,,1348,aw_618,"Salmon, Middle Fork",Salmon bc ,,2 - Boundary Creek (Dagger Falls) to Salmon River (Cache Bar),III-IV,,,,2631.0,95.4,27.6,,44.914782,-114.943771,44.532129,-115.294277,45.297435,-114.593265,,0,,,,,,,,618,"Salmon, Middle Fork",40.0,,0
5305,,1154,aw_588,"Payette, Middle Fork",Payette bc 01,,Boiling Springs CG to upstream of Trail Creek ,IV,,,,364.0,7.4,49.0,,44.318257,-115.86771949999999,44.358175,-115.860723,44.278339,-115.874716,,0,,,,,,,,588,"Payette, Middle Fork",,,0
5306,,850,aw_570,Lochsa,Lochsa ab ,,3 - Wilderness Gateway or Fish Creek to Split Creek,III-IV,,,,353.0,11.7,30.1,,46.287438,-115.36187000000001,46.34463,-115.306835,46.230246,-115.416905,,0,,,,,,,,570,Lochsa,,,0
5307,,850,aw_569,Lochsa,Lochsa ab ,,2 - Indian Grave Creek to Wilderness Gateway Bridge,IV,,,,639.0,16.2,39.4,,46.395044999999996,-115.198605,46.445482,-115.090375,46.344608,-115.306835,,0,,,,,,,,569,Lochsa,,,0
5308,,1345,aw_614,Salmon,Salmon as ,,9 - Hammer Creek to Snake River confluence,II-IV,,,,526.0,54.6,9.6,,45.797136,-116.555444,45.738005,-116.316842,45.856267,-116.794046,,0,,,,,,,,614,Salmon,,,0
5309,,1347,aw_621,"Salmon, S. Fork",Salmon cb ,,3 - Secesh Confluence with South Fork to Salmon River,IV-V,,,,1455.0,36.0,40.4,,45.201846,-115.6094335,45.025737,-115.705508,45.377955,-115.513359,,0,,,,,,,,621,"Salmon, S. Fork",,,0
5312,,2091,aw_580,EF Owyhee,Owyhee 05 EF Owyhee Crutchers,,Crutcher's Crossing to Three Forks,II-III+(V),Owyhee,,,309.0,37.9,8.2,,42.40245,-117.02,42.25923371602053,-116.87242472016058,42.54441560255707,-117.16906602570032,,0,,,,,,,,580,Owyhee,,,0
5313,,1155,aw_4156,Payette,Payette ah 02,,Beehive Bend to Jet Boat Ramp,II+(III),,,,55.0,5.5,10.1,,43.9720005,-116.18700000000001,44.006001,-116.18,43.938,-116.194,,0,,,,,,,,4156,Payette,,,0
5314,,1351,aw_609,Salmon,Salmon as ,,3 - Rough Creek Bridge to Torrey's Hole River Access,III,,,,325.0,12.2,26.8,,44.259288999999995,-114.692422,44.263169,-114.791492,44.255409,-114.593352,,0,,,,,,,,609,Salmon,,,0
5315,,2093,aw_649,"Salmon, Yankee Fork",Salmon 0 Yankee Fork,,"Upper road end 11.2 mi to Jordan Creek, 15.6 mi to Salmon R.",III-IV,,,,1580.0,22.7,69.5,,44.3805545,-114.6434285,44.491704,-114.552401,44.269405,-114.734456,,0,,,,,,,,649,"Salmon, Yankee Fork",,,0
5316,,1349,aw_565,Little Salmon,Salmon as 01,,Smoky Boulder Road to Hazard Creek,III-V,,,,617.0,5.2,119.6,,45.153591,-116.2985925,45.123663,-116.29597,45.183519,-116.301215,,0,,,,,,,,565,Little Salmon,,,0
5317,,1345,aw_613,Salmon,Salmon as ,,8 - Riggins to White Bird,III,,,,282.0,30.4,9.3,,45.5817465,-116.3138945,45.42551,-116.310973,45.737983,-116.316816,,0,,,,,,,,613,Salmon,,,0
5319,,1509,aw_544,"Clearwater, S. Fork",Clearwater ai ,,Hanging Rock to Cougar Creek Trailhead,IV-V,,,,673.0,7.2,93.9,,45.8103,-115.8,45.7974,-115.74,45.8232,-115.86,,0,,,,,,,,544,"Clearwater, S. Fork",,,0
5323,,1155,aw_587,Payette,Payette ah 03,,Main Payette - Gutter and Bladder Wave,II+,,,,,0.064,,,43.9084,-116.1905635,43.908747,-116.190139,43.908053,-116.190988,,0,,,,,,,,587,Payette,,,0
5325,,1591,aw_633,Snake,Snake 01,Pool Drop,Hells Canyon Dam to Pittsburg Landing,III-IV,Columbia,,,341.4,32.2,10.6,NRA.4-5day,45.4429455,-116.585921,45.25394815150814,-116.69631839824432,45.63243019207192,-116.47599835886327,,0,,10000.0,Central Oregon,Very Remote,desert/canyon,Jan-Dec,,633,Snake,,,0
5326,,1498,aw_623,Selway,Selway ab ,,1 - Paradise to Selway Falls,IV,,,,1309.0,47.7,27.4,,45.952999,-115.019001,45.861,-114.744003,46.044998,-115.293999,,0,,,,,,,,623,Selway,,,0
5327,,1591,aw_634,Snake,Snake 02,,Pittsburg Landing to Heller Bar,II,,,,315.2,47.28,6.7,,45.8592,-116.7295,45.63243019207192,-116.47599835886327,46.086035247335005,-116.98318171102443,,0,,,,,,,,634,Snake,,,0
5329,,1347,aw_622,Secesh,Secesh sv ,,"Loon Creek to Lick Creek, 4.6 mi to S. Fork Salmon R.",IV-V,,,,1876.0,16.0,117.6,,45.100415999999996,-115.763191,45.172222,-115.814163,45.02861,-115.712219,,0,,,,,,,,622,Secesh,,,0
5331,,220,aw_535,"Bruneau, W. Fork",Bruneau 0 W. Fork,,"Below Rowland, NV to Indian Hot Springs",IV-V,,,,1184.0,33.4,35.4,,42.139641,-115.66915850000001,41.949974,-115.685845,42.329308,-115.652472,,0,,,,,,,,535,"Bruneau, W. Fork",,,0
5334,,1065,aw_543,"Clearwater, N. Fork",Clearwater ai ,,Kelly Creek to Aquarius Campground,III+(V),,,,1074.0,45.3,23.7,,46.782774,-115.4435965,46.716569,-115.257306,46.848979,-115.629887,,0,,,,,,,,543,"Clearwater, N. Fork",,,0
5336,,1349,aw_566,Little Salmon,Salmon as 02,,Hazard Creek to Salmon River at Riggins,III-IV(V),,,,1446.0,19.5,74.0,,45.300615,-116.3079585,45.183606,-116.3012,45.417624,-116.314717,,0,,,,,,,,566,Little Salmon,,,0
5337,,2092,aw_592,"Payette, N. Fork",Payette ah 05,,Smiths Ferry to Banks,V,,,,1717.0,16.0,107.2,,44.1751,-116.0929985,44.2658,-116.07,44.0844,-116.115997,,0,,,,,,,,592,"Payette, N. Fork",200.0,,0
5338,,850,aw_571,Lochsa,Lochsa ab ,,4 - Split Creek Pack Bridge to Lowell (Selway),II-III+,,,,280.0,15.1,18.5,,46.1855275,-115.508169,46.230275,-115.416834,46.14078,-115.599504,,0,,,,,,,,571,Lochsa,,,0
5342,,1341,aw_611,Salmon,Salmon as ,,5 - North Fork to Corn Creek,III,,,,690.0,46.3,14.9,,45.387107,-114.3412405,45.404649,-113.994708,45.369565,-114.687773,,0,,,,,,,,611,Salmon,,,0
5343,,850,aw_568,Lochsa,Lochsa ab ,,1 - Powell to White Pine (Indian Grave Creek),II-III,,,,733.0,26.1,28.1,,46.476875500000006,-114.886044,46.508287,-114.681742,46.445464,-115.090346,,0,,,,,,,,568,Lochsa,,,0
5349,,740,aw_615,"Salmon, E. Fork of S. Fork",Salmon 0 E. Fork of S. Fork,,2 - Johnson Creek to S.F.Salmon River,III-V,,,,1023.0,14.5,70.4,,44.988554500000006,-115.607382,44.962273,-115.50087,45.014836,-115.713894,,0,,,,,,,,615,"Salmon, E. Fork of S. Fork",,,0
5350,,1347,aw_620,"Salmon, S. Fork",Salmon cb ,,2 - Poverty Flats Campground to East Fork of South Fork,II-III+(V),,,,598.0,19.4,30.8,,44.921152,-115.710206,44.817363,-115.713468,45.024941,-115.706944,,0,,,,,,,,620,"Salmon, S. Fork",,,0
5355,,1347,aw_619,"Salmon, S. Fork",Salmon cb ,,1 - Goat Creek to footbridge at Poverty Flats Campground,IV-V,,,,502.0,6.6,75.7,,44.789862,-115.6938065,44.758754,-115.684392,44.82097,-115.703221,,0,,,,,,,,619,"Salmon, S. Fork",,,0
5360,,2088,aw_625,Sheep Creek (Bruneau trib),Sheep 0 Sheep Creek (Bruneau trib),,Simplot Ranch Bridge to Bruneau River,II-V+,,,,1392.0,30.9,45.1,,42.3705,-115.67750000000001,42.242,-115.759,42.499,-115.596,,0,,,,,,,,625,Sheep Creek (Bruneau trib),0.0,,0
5412,,2054,aw_11190,"Humboldt River, North Fork",Humboldt River 0 North Fork,,Devil's Gap,III-IV,,,,134.0,4.1,33.1,,41.307362,-115.75135449999999,41.305297,-115.775526,41.309427,-115.727183,,0,,,,,,,,11190,"Humboldt River, North Fork",,,0
5415,,2089,aw_4140,"Jarbidge, East Fork",Jarbidge 0 East Fork,,"Upper East Fork to Murphy Hot Springs, Idaho",IV-V,,,,741.0,8.1,91.9,,41.9790265,-115.346389,41.932786,-115.330809,42.025267,-115.361969,,0,,,,,,,,4140,"Jarbidge, East Fork",,,0
5416,,2089,aw_4142,"Jarbidge, West Fork",Jarbidge 0 West Fork,,Jarbidge NV to Idaho/ EF confluence,III-IV,,,,1207.0,13.2,91.4,,41.96255,-115.41,41.8754,-115.43,42.0497,-115.39,,0,,,,,,,,4142,"Jarbidge, West Fork",,,0
5418,,2088,aw_4139,"Bruneau, West Fork",Bruneau 0 West Fork,,Rowland NV to Blackrock Crossing ID,IV-V,,,,591.0,18.7,31.6,,42.04195022583,-115.67450332641499,41.936698913574,-115.67780303955,42.147201538086,-115.67120361328,,0,,,,,,,,4139,"Bruneau, West Fork",,,0
5448,,1947,aw_1569,Wilson,Wilson ag 05,,Jones Creek to MP15,III,Wilson,,,256.70001220703125,8.2,31.399999618530273,,45.548500000000004,-123.5859985,45.587044,-123.559418,45.510067,-123.614805,,0,,,,,,,,1569,Wilson,,1710,0
5449,,1284,aw_5019,NF Rogue,Rogue ag 02,,Takelma,IV+,,,2963.3,150.6,3.9,38.4,,42.841749,-122.5,42.86292484715722,-122.50637649411065,42.82086060990345,-122.49413860935208,,0,,,,,,,,5019,"Rogue, North Fork",,,0
5450,,2095,aw_1545,Sandy,Sandy b 03,,Marmot Dam site to Revenue Bridge,III-IV,,,,267.6,6.1,43.9,,45.403551,-122.18400199999999,45.39955953769845,-122.13348580068273,45.407597949149974,-122.23493126563372,,0,,,,,,,,1545,Sandy,,,0
5451,,1287,aw_1541,Rogue,Rogue ag 11,Pool Drop,Grave Creek,II-III(IV),Rogue,3939.0,613.1,461.2,34.5,13.4,mystical,42.6415005,-123.81750149999999,42.650287002840905,-123.58584611729418,42.63294371817752,-124.04853193442067,Rogue,0,,1500.0,Southern Oregon,Somewhat Remote,wilderness,Jan-Dec,Wild and Scenic,1541,Rogue,0.0,,0
5452,,734,aw_3034,John Day,John Day df 03,Continous,Clarno to Cottonwood,II-III,Columbia,,,750.0,68.8,10.9,basalt.beautiful,45.19655,-120.4695,44.9161,-120.47,45.477,-120.469,,0,,2000.0,Central Oregon,Somewhat Remote,desert canyon/ranches,Mar-Jun,Wild and Scenic,3034,John Day,0.0,,0
5453,,738,aw_1518,John Day,John Day df 02,Pool Drop,Service Creek to Clarno,II,Columbia,,1632.0,352.0,47.7,7.4,basalt.beautiful,44.854101,-120.2350005,44.792301,-120.000999,44.915901,-120.469002,JohnDay,0,,2000.0,Central Oregon,Somewhat Remote,desert canyon/ranches,Mar-Jun,Wild and Scenic,1518,John Day,0.0,,0
5454,,468,Deschutes 14,Deschutes,Deschutes 14 Sherar's Falls to Columbia,Pool Drop,Sherar's Falls to Columbia,III,Deschutes,10500.0,167.54,513.0,42.9,12.0,popular,45.449921,-120.965889,45.2673644491537,-121.01912210855005,45.632291633028814,-120.91299385589598,,0,,5000.0,Central Oregon,Somewhat Remote,desert canyon/RR,Jan-Dec,,3084,Deschutes,0.0,,0
5455,,2095,aw_1544,Sandy,Sandy b 02,Continous,Lolo Pass Road (Zigzag) to Marmot Dam site,II-III,,,,744.2,13.74,54.2,,45.378200535,-122.03400039499999,45.35639337436242,-121.93819105003458,45.39990027163961,-122.1323258681407,,0,,900.0,Lower Willamette,Somewhat Remote,forest/houses/canyon,Nov-Apr,,1544,Sandy,0.0,,0
5456,,216,aw_1487,Breitenbush,Breitenbush ab ,,Cleator Bend Campground to Detroit Reservoir,IV,,,,564.0,8.7,65.0,,44.762733,-122.070594,44.777386,-121.997923,44.74808,-122.143265,,0,,,,,,Nov-Apr,,1487,Breitenbush,,,0
5457,,,aw_3773,Zigzag,Sandy b 01z Zigzag,,Hwy26 to Lolo Pass,III-IV,,,,526.5,4.22,124.8,,45.3290005,-121.91550050000001,45.31107170673097,-121.88926285954086,45.34734588348935,-121.94251062277222,,0,,,,,,,,3773,Zigzag,,,0
5458,,319,aw_1493,Clackamas,Clackamas 05 Collawash to Three Lynx,,Collawash River to Three Lynx Power Station,III-IV,Willamette,,,328.0,8.6,38.2,,45.07386681,-122.06696295500001,45.0318751534978,-122.0609168079706,45.11619817430948,-122.07547454673097,,0,,,,,,,,1493,Clackamas,0.0,,0
5459,,1050,aw_10812,Little Nestucca,Little 0 Little Nestucca,,HWY 30 Bridge near Muscott Creek to Fall Creek,IV+,,,,293.0,5.3,55.3,,45.131851195,-123.883499145,45.11090088,-123.85299683,45.15280151,-123.91400146,,0,,,,,,,,10812,Little Nestucca,0.0,,0
5460,,766,aw_2146,Klickitat,Klickitat ag ,,4 - Fishing Access on Highway 142 to Columbia River (Lyle Gorge),V+,,,,53.0,1.1,46.4,,45.711208345,-121.26856995,45.71621323,-121.2596283,45.70620346,-121.2775116,,0,,,,,,,,2146,Klickitat,0.0,,0
5461,,1485,aw_1549,Middle Santiam,Santiam cd 02,Pool Drop,Green Peter Dam to Foster Reservoir (The Concussion Run),III-IV,Willamette,,,66.6,1.93,34.5,dam release,44.4431865,-122.56926200000001,44.44841536855794,-122.55004584966262,44.43777567953489,-122.58341414591862,,0,,2000.0,Middle Willamette,Not Very Remote,canyon,Jan-Dec,,1549,Middle Santiam,0.0,,0
5462,,926,aw_10395,EF SF McKenzie,McKenzie 0 East Fork of the South Fork,Pool Drop,Above Cougar to Cougar,IV(V),Willamette,92.4,2918.7,1286.9,4.8,266.0,68falls. gorgeous,44.1087,-122.167,44.0991,-122.125,44.1183,-122.209,,0,,250.0,Upper Willamette,Not Very Remote,forest/waterfall,Nov-Apr,Wild and Scenic,10395,"McKenzie, East Fork of the South Fork",0.0,,0
5463,,319,aw_10393,Elk Lake Creek,Elk 0 Elk Lake Creek,,Elk Lake to NF road 6380,V,Clackamas,,,1435.0,9.4,152.1,,44.86095,-122.06,44.824314714342826,-122.11345438605181,44.89764199575052,-122.00641842769114,,0,,,,,,,,10393,Elk Lake Creek,,,0
5464,,2112,aw_1501,Crabtree,Crabtree Creek ag 02,,Snow Peak Camp to Larwood Bridge,III-IV,Santiam,,,759.2000122070312,9.9,76.69999694824219,,44.609174585000005,-122.67087445,44.587993,-122.601114,44.630263,-122.740698,,0,,,,,,,,1501,Crabtree,,,0
5465,,2098,aw_3205,Oak Grove Fork Clackamas,Clackamas 01 Oak Grove Fork,,Lower Five Miles to Clackamas River,III-V(V+),Willamette,,,653.0,5.3,123.6,,45.075138095,-122.010549545,45.07527037160842,-121.97035309153958,45.0744690631474,-122.05341873590724,,0,,,,,,,,3205,Clackamas,160.0,,0
5466,,319,aw_1492,Clackamas,Clackamas 04 June Creek to Collawash,,June Creek Br. to Collawash River,III-IV,Willamette,,,594.0,8.1,73.6,,45.024456475,-121.99076666,45.01675006,-121.92063529,45.0318751534978,-122.0609168079706,,0,,,,,,,,1492,Clackamas,,,0
5467,,1477,aw_3193,Canyon Creek,Canyon ad ,Pool Drop,7 Mile Bridge to South Santiam River,V,Santiam,,,784.5999755859375,7.6,102.9000015258789,,44.365249500000004,-122.404999,44.333936,-122.361995,44.397594,-122.448572,,0,,500.0,Middle Willamette,Somewhat Remote,clearcut/gorge,Oct-Apr,,3193,Canyon Creek,302.0,,0
5468,,1126,aw_3764,Owyhee,Owyhee 07 Three Forks to Rome,,Three Forks to Rome,III-IV(V),Owyhee,,,591.0,37.8,15.7,,42.691,-117.3955005,42.54441560255707,-117.16906602570032,42.83650975345337,-117.62183908094813,,0,,,,,,,,3764,Owyhee,,,0
5469,,319,aw_1494,Clackamas,Clackamas 06 Three Lynx to NF Reservoir,,Three Lynx Power Station to North Fork Reservoir,III-IV,Willamette,,,462.0,14.0,33.1,,45.15779,-122.15059049999999,45.11619817430948,-122.07547454673097,45.199200661144125,-122.22543415387,,0,,,,,,,,1494,Clackamas,,,0
5470,,1279,aw_5070,Rogue,Rogue ag 10,,Grants Pass,II,,,890.5,277.4,34.7,8.0,,42.539949500000006,-123.4529995,42.42946632537638,-123.31989673817264,42.650287002840905,-123.58584611729418,,0,,,,,,,,5070,Rogue,,,0
5471,,304,aw_10279,Chetco,Chetco ag 01,,Carter Creek to Steel Bridge,II-IV+(V),Chetco,,,1050.800048828125,20.2,52.099998474121094,,42.248247500000005,-123.985802,42.22623,-123.884816,42.270135,-124.086582,,0,,,,,,,,10279,Chetco,100.0,1710,1
5472,,923,aw_1526,McKenzie,McKenzie dc aa aa 1,Continous,Finn Rock to Leaburg Dam,II(III),Willamette,,972.8,226.8,15.0,15.1,popular. Martens Rapid,44.1335,-122.49449999999999,44.129,-122.38,44.138,-122.609,,0,,1000.0,Upper Willamette,Not Remote,forest/rural,Jan-Dec,,1526,McKenzie,,,0
5473,,1488,aw_10427,North Santiam,Santiam bz 03,,Mill City to Mehama,II,,,,188.3,8.61,21.9,,44.7721,-122.548,44.755656635303524,-122.47788198589394,44.78842135152574,-122.61758675415224,,0,,,,,,,,10427,North Santiam,,,0
5474,,,aw_11663,SF Coquille,Coquille cd 01,,FS 3359 to Upper Falls,III-IV+(V),,,,253.0,2.44,103.7,,42.7350975,-124.00536600000001,42.74654788891185,-123.9997405774378,42.72381401043999,-124.01117784248669,,0,,,,,,,,11663,SF Coquille,,,0
5475,,1917,aw_11033,Big,Big ac ,,Cougar Bend Rd to London Rd,I-III,,,,181.0,4.2,43.0,,43.5904825,-123.03523949999999,43.585035,-123.002034,43.59593,-123.068445,,0,,,,,,,,11033,Big,,,0
5477,,582,aw_3212,Roaring,Roaring r ,,road 4611 to bridge at Roaring River Campground,IV,Willamette,,,601.0,3.1,193.8,,45.1687485,-122.09099950000001,45.178699,-122.065002,45.158798,-122.116997,,0,,,,,,,,3212,Roaring,215.0,,0
5478,,1545,aw_10400,Lake Creek,Lake Creek 00 Triangle to Fish Creek,,Below Triangle Lake to Fish Creek Road,V,Siuslaw,,,277.0,1.6,172.7,,44.154999000000004,-123.5765,44.161999,-123.57,44.147999,-123.583,,0,,,,,,,,10400,Lake Creek,,,0
5479,,417,aw_11004,WF Cow Creek,Cow ag 01,,WF Rd to Bobby Creek Rd,I-IV,Umpqua,,1323.7,215.8,4.7,45.9,,42.8190005,-123.69050250000001,42.8296060985975,-123.71864795160182,42.80789713936274,-123.66177501542883,,0,,,,,,,,11004,Cow Creek,,,0
5480,,1434,aw_1546,Sandy,Sandy b 04,,Revenue Bridge to Dodge Park,II(III),,,,175.5,5.21,33.7,,45.426469499999996,-122.24401,45.407597949149974,-122.23493126563372,45.445204149209985,-122.25292234433759,,0,,,,,,,,1546,Sandy,,,0
5481,,1545,aw_1524,Lake Creek,Lake Creek 02 Deadwood to Siuslaw,,Deadwood Creek to Siuslaw River,II-IV,Siuslaw,,,132.0,5.2,25.2,,44.0747345,-123.7768155,44.09445076162336,-123.7556340189961,44.055161,-123.797482,,0,,,,,,,,1524,Lake Creek,,,0
5482,,714,aw_4312,Illinois,Illinois ab ,,Highway 199 to Miami Bar,II-III,Rogue,,,423.0,16.4,25.8,,42.3167,-123.7025,42.2718,-123.619,42.3616,-123.786,,0,,,,,,,,4312,Illinois,,,0
5484,,2102,aw_1533,Molalla,Molalla 3,Pool Drop,Table Rock to Turner Bridge,III-IV,,,1214.8,677.7,13.3,50.8,scenic. playful,45.019332500000004,-122.44779199999999,44.961146,-122.410258,45.077519,-122.485326,Molalla,0,,2400.0,Lower Willamette,Not Very Remote,forest/canyon,Nov-Apr,,1533,Molalla,,,0
5485,,2103,aw_1517,Illinois,Illinois ab ,Pool Drop,Miami Bar to Oak Flat,IV(V),Rogue,380.0,1198.8,737.0,30.6,24.1,,42.438900000000004,-123.913002,42.361599,-123.786003,42.516201,-124.040001,Illinois,0,,1200.0,Southern Oregon,Very Remote,forest,Nov-May,Wild and Scenic,1517,Illinois,,,0
5486,,1786,aw_10794,North Umpqua,Umpqua a N 03,,Baker Wayside to Idlelyd Park,III-IV+,,,809.0,100.9,4.97,20.3,,43.316101,-123.0161075,43.31632311960162,-122.97364712833449,43.32207170709089,-123.04837984197093,,0,,,,,,,,10794,North Umpqua,,,0
5487,,714,aw_10825,Briggs Creek,Briggs Creek z ,,Lower,V,,,,576.0,3.6,158.9,,42.3774985,-123.7835005,42.376999,-123.763,42.377998,-123.804001,,0,,,,,,,,10825,Briggs Creek,250.0,,0
5488,,582,aw_1509,Eagle Creek,Eagle ah 03,,Lower,III-IV(V),,,,223.0,3.7,60.1,,45.3332685,-122.3177445,45.325099,-122.289957,45.341438,-122.345532,,0,,,,,,,,1509,Eagle Creek,,,0
5489,,714,aw_11201,"Silver Creek, North Fork",Silver 0 North Fork,,Headwaters to Illinois River,IV-V(V+),,,,1580.0,9.7,162.7,,42.494445999999996,-123.834013,42.532192,-123.783549,42.4567,-123.884477,,0,,,,,,,,11201,"Silver Creek, North Fork",,,0
5490,,980,aw_4784,Minam,Minam z ,,Reds Wallowa Horse Ranch to Wallowa River,II+,,,,1061.0,23.6,44.9,,45.4843005,-117.67349999999999,45.346901,-117.625999,45.6217,-117.721001,,0,,,,,,,,4784,Minam,,,0
5491,,582,aw_10445,Fish Creek,Fish ae ,,FS 5440 to Clackamas,III+,Clackamas,,,683.9000244140625,6.2,109.80000305175781,,45.1174,-122.16499999999999,45.077402,-122.178007,45.157339,-122.152437,,0,,,,,,,,10445,Fish Creek,,,0
5492,,1073,aw_1568,NF of MF Willamette,Willamette 0a NF of MF 0,Continous,Miracle Mile through Gorge,IV-V,Columbia,,,544.5,5.16,105.5,213/1mi.reliable water,43.86315,-122.385998,43.88461641116008,-122.36709892708132,43.84157336370967,-122.40484056266548,,0,,400.0,Upper Willamette,Not Remote,forest/old growth,Oct-May,Wild and Scenic,1568,"Willamette, N. Fork of Middle Fork",250.0,,0
5493,,1046,aw_1535,Nehalem,Nehalem ab 04,Continous,Spruce Run to Nehalem Falls,III,Nehalem,,,253.1999969482422,15.3,16.5,,45.7379425,-123.71216150000001,45.812785,-123.612769,45.72502,-123.770869,,0,,4000.0,North Coast,Not Remote,forest,Nov-Apr,,1535,Nehalem,,1710,0
5494,,1073,aw_3195,Christy Creek,Christy Creek z ,,to Confluence with N. Fk. of Middle Fk. of Willamette,V,,,,1144.0,6.5,176.7,,43.900906500000005,-122.348412,43.921911,-122.311822,43.879902,-122.385002,,0,,,,,,,,3195,Christy Creek,,,0
5495,,1279,aw_5069,Rogue,Rogue ag 09,,Gold Hill,II,,,1069.2,178.7,18.3,9.8,,42.433499999999995,-123.181,42.43729014305319,-123.04201609647392,42.42946632537638,-123.31989673817264,,0,,,,,,,,5069,Rogue,,,0
5496,,704,aw_2870,Hood,Hood ag 09,Continous,Tucker to Marina,III,Columbia,,,356.1000061035156,6.1,58.70000076293945,,45.6808665,-121.5332595,45.651485,-121.559189,45.709935,-121.507431,,0,,1000.0,Lower Willamette,Not Very Remote,forest,Nov-Apr,,2870,Hood,,,0
5497,,704,aw_1515,Hood,Hood ag 08,Pool Drop Continous,Dee to Tucker,III-IV,Columbia,,,457.6000061035156,7.0,65.19999694824219,,45.620461,-121.593781,45.589024,-121.628375,45.651485,-121.559189,,0,,900.0,Lower Willamette,Somewhat Remote,forest/canyon/houses,Nov-Apr,,1515,Hood,,,0
5498,,,aw_5199,Little North Santiam,Santiam ad 02,,Gold Creek to Three Pools,III-IV(V),Willamette,,,367.2,3.99,92.0,Gorgeous gorges. old trees,44.84865,-122.2819975,44.85985276974859,-122.25503648194014,44.838686608458666,-122.31090580798448,,0,,,Middle Willamette,Somewhat Remote,forest,Nov-Apr,,5199,Little North Santiam,,,0
5499,,,aw_5201,Little North Santiam,Santiam ad 03,,Three Pools to Salmon Falls,IV-V,,,,239.3,3.67,65.2,,44.834998999999996,-122.34049999999999,44.838686608458666,-122.31090580798448,44.8316689447274,-122.36946924349338,,0,,,,,,,,5201,Little North Santiam,,,0
5500,,,aw_5200,Little North Santiam,Santiam ad 01,,Battle Axe Creek to Gold Creek,IV-V,,,,314.0,2.91,107.9,,44.8520505,-122.23049900000001,44.84553127167484,-122.20791953681565,44.85985276974859,-122.25503648194014,,0,,,,,,,,5200,Little North Santiam,,,0
5501,,1489,aw_10817,Opal Creek,Opal Creek z ,,Beachie Creek to Jawbone Flat on Little North Santiam,IV-V(V+),,,,183.0,0.9,213.8,,44.838465,-122.2043355,44.831197,-122.200226,44.845733,-122.208445,,0,,,,,,,,10817,Opal Creek,,,0
5502,,1947,aw_2708,WF of NF Wilson,Wilson ag 01,,Headwater to NF,II-IV+,Wilson,,,164.0,1.4,115.80000305175781,,45.6287005,-123.5474015,45.634968,-123.558178,45.623324,-123.542846,,0,,,,,,,,2708,Wilson,230.0,1710,0
5503,,,aw_3191,Salmon,Sandy b 02z Salmon 02,,Wilderness Trailhead to Arrah-Wanna Road,II+(III),,,,349.5,5.38,65.0,,45.308099999999996,-121.9570005,45.277699,-121.940002,45.338501,-121.973999,,0,,,,,,,,3191,Salmon,,,0
5504,,417,aw_10818,Grave Creek,Grave cs ,,Eastman Gulch to McCoy Creek Rd (Upper Grave),V,,,,710.0,3.6,197.3,,42.6403505,-123.274498,42.6474,-123.250999,42.633301,-123.297997,,0,,,,,,,,10818,Grave Creek,,,0
5505,,1947,aw_1520,Jordan Creek,Jordan Creek,,to Wilson,III+(IV),Wilson,,,813.5,8.0,102.0999984741211,,45.5497515,-123.538498,45.553474,-123.47605,45.547422,-123.603337,,0,,,,,,,,1520,Jordan Creek,160.0,1710,0
5506,,1700,aw_1558,Thomas Creek,Thomas a 01,,Falls to Log Bridge,III-IV,,,,303.1,3.99,76.0,,44.6927715,-122.53510299999999,44.68284515424123,-122.50250990911958,44.702562935702666,-122.56731748834432,,0,,,,,,,,1558,Thomas Creek,,,0
5507,,1061,aw_1484,NF Alsea,Alsea a 1,,Three Miles below Klickitat Lake to North Fork Bridge,III+(V),Alsea,,931.4,577.0,8.3,69.2,,44.439550499999996,-123.588997,44.462713330985025,-123.61760931856105,44.416428203865195,-123.56133243740771,,0,,,,,,,,1484,"Alsea, N. Fork",,,0
5508,,923,aw_10889,McKenzie,McKenzie dc aa aa,Continous,Olallie Campground to Paradise Campground,II(III),Willamette,,1915.6,396.4,8.3,47.7,hot springs,44.218999999999994,-122.068,44.251,-122.041,44.187,-122.095,,0,,1000.0,Upper Willamette,Not Remote,forest,Jan-Dec,Wild and Scenic,10889,McKenzie,,,0
5509,,2096,aw_1548,Middle Santiam,Santiam cd 01,Pool Drop,Sheep Creek Rd to Green Peter Reservoir,III-IV(V),Willamette,,,1468.5,17.84,82.3,,44.486000000000004,-122.26700199999999,44.4668884276958,-122.14716661785803,44.506112368563926,-122.38781639465323,,0,,1100.0,Middle Willamette,Not Very Remote,logging/gorge,Nov-Apr,,1548,Middle Santiam,,,0
5510,,1947,aw_10273,Wilson,Wilson ag 06,Pool Drop,MP 15 to 8,III,Wilson,,,177.60000610351562,7.8,22.700000762939453,,45.496212,-123.6615855,45.510067,-123.614805,45.48071,-123.699971,,0,,1500.0,North Coast,Not Remote,forest/houses,Nov-Apr,,10273,Wilson,,1710,0
5511,,319,aw_642,SF Clackamas,Clackamas 03 South Fork,,South Fork Clackamas Falls ,V+,Willamette,,,482.0,1.1,425.9,,45.191652,-122.2292625,45.18395581099255,-122.23174974777905,45.199200661144125,-122.22543415387,,0,,,,,,,,642,Clackamas,,,0
5512,,736,aw_1519,NF John Day,John 0 N. Fork 02,Continous,NF-52 to Dale,II(III),Columbia,386.0,1960.0,2494.0,43.5,57.4,logs.wilderness.mining,44.957302,-118.694035,44.913638,-118.400751,45.000966,-118.987319,JohnDay.NFk,0,,1000.0,Central Oregon,Very Remote,wilderness/mining,Apr-May,Wild and Scenic,3035,"John Day, N. Fork",,,0
5513,,582,aw_10431,NF Clackamas,Clackamas 02 North Fork,,to North Fork Reservoir,IV(V),Willamette,,,708.0,3.8,184.4,,45.2276495,-122.230999,45.222373855122036,-122.20920653316078,45.2332,-122.252998,,0,,,,,,,,10431,Clackamas,,,0
5514,,2102,aw_1534,NF Molalla,Molalla 1 North Fork,Pool Drop,Dead Horse Canyon Creek Bridge to Molalla River,IV+,,,1241.2,713.6,5.4,132.4,flashes. LTD,45.085750000000004,-122.44550000000001,45.0878,-122.402,45.0837,-122.489,,0,,500.0,Lower Willamette,Somewhat Remote,gorge/logging,Nov-Apr,,1534,NF Molalla,,,0
5515,,2109,aw_4690,Umatilla,Umatilla a 01,,Hwy 11 to Roundup grounds,II,,,1102.1,59.8,2.3,26.0,,45.6732005,-118.780003,45.674561,-118.75899,45.671027,-118.79905,,0,,,,,,,,4690,Umatilla,,,0
5516,,231,aw_1489,Butte Creek,Butte ao 03,Pool Drop,Fault Line to OR 213,III-IV,,,763.3,455.3,8.0,56.9,75 falls,45.032716,-122.649374,45.00460304897467,-122.59356200671046,45.05917827472797,-122.70529328780313,ButteCr,0,,400.0,Lower Willamette,Somewhat Remote,forest/rural,Nov-Apr,,1489,Butte Creek,,,0
5517,2026-04-18 00:29:01,557,aw_2721,Fall Creek,Fall ac 03,,Dam to Jasper,II(III),Willamette,,683.7,144.9,9.03,16.0,,43.966129,-122.832588,43.943832,-122.764398,43.988425,-122.900778,,0,,,,,,,,2721,Fall Creek,41.6,1709,0
5518,,,aw_10448,SF Coquille,Coquille cd 03,,The Gem,V,,,,206.3,0.84,245.6,,42.71814,-124.02904799999999,42.71704583910219,-124.02200755412578,42.719372044246526,-124.03675095790415,,0,,,,,,,,10448,SF Coquille,600.0,,0
5519,,417,aw_10826,Taylor Creek,Taylor ad ,,Taylor Creek Trailhead to Galice Rd,III-IV+,,,,434.0,3.5,124.7,,42.5352495,-123.5834995,42.521099,-123.601997,42.5494,-123.565002,,0,,,,,,,,10826,Taylor Creek,,,0
5520,,1489,aw_10453,Cedar Creek,Cedar ac ,,to Little North Santiam,III-IV+(V+),,,,561.0,2.3,245.3,,44.8416,-122.279999,44.837299,-122.262001,44.845901,-122.297997,,0,,,,,,,,10453,Cedar Creek,,,0
5521,,1489,aw_3197,Elkhorn Creek,Elkhorn Creek z ,,to confluence with Little North Santiam,V,,,,1267.0,6.1,206.7,,44.8120495,-122.33800149999999,44.805801,-122.285004,44.818298,-122.390999,,0,,,,,,,,3197,Elkhorn Creek,,,0
5522,,654,aw_3081,Grande Ronde,Grande Ronde 05 Minam to Troy,,Minam to Troy,II-III,,,,934.0,46.3,20.2,,45.7835005,-117.585499,45.62209194312281,-117.72159452811843,45.945486544250166,-117.4504851650694,,0,,,,,,,,3081,Grande Ronde,,,0
5523,,1537,aw_10945,Euchre Creek,Euchre Creek z ,,Ending below Euchre Falls,IV-V,,,,442.0,1.6,277.2,,44.8081635,-123.86596750000001,44.817555,-123.862431,44.798772,-123.869504,,0,,,,,,,,10945,Euchre Creek,,,0
5524,,1651,aw_3033,Steamboat Creek,Steamboat Creek ag 02,,Falls to Canton Creek Campground,IV,,,,277.6000061035156,5.8,48.099998474121094,,43.3609355,-122.6847105,43.373683,-122.641004,43.34775,-122.729457,,0,,3000.0,Southern Oregon,Not Very Remote,great gorge,Nov-Mar,,3033,Steamboat Creek,,1710,0
5525,,1898,aw_1564,White,White ar 03,,Wamic-White River Bridge to Tygh Valley,II-III,,,,436.0,11.2,38.8,,45.1971985,-121.2364995,45.159599,-121.311996,45.234798,-121.161003,,0,,,,,,,,1564,White,,,0
5526,,2113,aw_4296,EF Hood,Hood ag 01,,Sherwood to Hwy35 bridge,IV-V,,,,939.2999877929688,5.9,160.0,,45.4298,-121.5699995,45.393988,-121.570782,45.465425,-121.56915,,0,,,,,,,,4296,"Hood, E. Fork",,,0
5527,,231,aw_1482,Abiqua Creek,Abiqua 1,,Abiqua Falls to Abiqua Road,II-III,Willamette,,1134.1,627.0,9.0,69.9,,44.964599500000006,-122.616001,44.92655650162687,-122.56790352399315,44.998864119999986,-122.66531295999997,,0,,,,,,,,1482,Abiqua Creek,,,0
5528,,1537,aw_10408,NF Siletz,Siletz ag 02,,NF Bridge to confluence,II-IV+,Siletz,,,253.6999969482422,4.8,53.29999923706055,,44.901449,-123.705498,44.922836,-123.699688,44.880162,-123.711107,,0,,,,,,,,10408,Siletz,,1710,0
5529,,1651,aw_3646,Steamboat Creek,Steamboat Creek ag 01,,City Creek to Falls,II+(IV),,,,507.5,11.6,43.599998474121094,,43.4371595,-122.6186045,43.500363,-122.597133,43.374197,-122.63983,,0,,,,,,,,3646,Steamboat Creek,,1710,0
5530,,2095,aw_1543,Sandy,Sandy b 01,,McNeil Campground to Lolo Pass Road (McNeil),IV,,,,550.1,4.34,126.8,,45.3703005,-121.90299999999999,45.38478401894698,-121.87157209533629,45.35639337436242,-121.93819105003458,,0,,,,,,,,1543,Sandy,,,0
5531,,1700,aw_1559,Thomas Creek,Thomas a 02,,5-mile bridge to Hannah,II-III(IV),,,,282.4,7.07,39.9,,44.7121895,-122.663986,44.71243449493265,-122.60928866929201,44.712072215251006,-122.71895013157149,,0,,,,,,,,1559,Thomas Creek,,,0
5532,,1651,aw_3666,Rock Creek (Umpqua),Rock Creek 0 Rock Creek (Umpqua),,Above Rock Creek Fish Hatchery,IV-V,,,,265.5,4.95,53.6,,43.353481,-122.9796935,43.374285,-122.956394,43.332677,-123.002993,,0,,,,,,,,3666,Rock Creek (Umpqua),200.0,,0
5533,,118,aw_10391,Beaver Creek,Beaver ag ,,Troutdale Road to Kiku City Park,III+(IV),,,,167.0,0.8,199.5,,45.5256995,-122.3829995,45.5219,-122.387001,45.529499,-122.378998,,0,,,,,,,,10391,Beaver Creek,,,0
5534,,928,aw_4510,McKenzie,McKenzie 0 East Fork of the South Fork 2,,Clear Lake to Carmen Reservoir,V,Willamette,,3017.6,398.6,1.5,264.7,,44.3497505,-121.997501,44.3596,-121.994003,44.3399508477196,-122.00284436292621,,0,,,,,,,,4510,McKenzie,,,0
5535,,1489,aw_10388,Gold Creek,Gold su ,,1 mile above LNF to NF Road 2209,IV+,,,,230.0,1.0,229.7,,44.866550000000004,-122.2535,44.8731,-122.252,44.86,-122.255,,0,,,,,,,,10388,Gold Creek,,,0
5536,,1238,aw_3756,Canal Creek,Canal fm 01,,2 mi above Quartzville Ck,III-IV+,,,,112.0,1.2,90.3,,44.594599,-122.34049999999999,44.601799,-122.334999,44.587399,-122.346001,,0,,,,,,,,3756,Canal Creek,,,0
5537,,820,aw_3210,Little River,Little aq 01,,Upper,IV(V),N Umpqua,,,898.7000122070312,7.2,125.0,,43.2235015,-122.8084985,43.218617,-122.755157,43.228235,-122.862356,,0,,,,,,,,3210,Little River,,,1
5538,,1238,aw_1539,Quartzville Creek,Quartzville ac ,Pool Drop,Above Gregg Creek to Green Peter Reservoir,IV-V,Santiam,,,1025.3,14.4,71.2,,44.545249999999996,-122.3615,44.57296333539439,-122.2662994105132,44.52549673599646,-122.4522213066302,,0,,1500.0,Middle Willamette,Not Remote,forest,Nov-Apr,,1539,Quartzville Creek,,,0
5539,,,aw_10921,Crabtree,Crabtree Creek ag 01,,Bonnie Creek to South Fork,IV-V,Santiam,,,912.5999755859375,4.9,184.89999389648438,,44.5945,-122.552498,44.610065,-122.52006,44.578698,-122.584846,,0,,,,,,,,10921,Crabtree,,,0
5540,,1291,aw_2725,Brice Creek,Brice 1,,Champion Creek to Cedar Creek Campground,III-IV+,,,,424.20001220703125,3.8,112.5999984741211,,43.654949,-122.6795005,43.639575,-122.655518,43.671154,-122.707438,,0,,,,,,Nov-Apr,,2725,Brice Creek,,,0
5541,,,aw_10457,Salmon,Sandy b 02z Salmon 01,,Split Falls to Wilderness Trailhead,V+,,,,761.5,5.66,134.5,,45.253299999999996,-121.9070015,45.228901,-121.874001,45.277699,-121.940002,,0,,,,,,,,10457,Salmon,,,0
5542,,304,aw_10810,Pistol,Pistol z ,,NF - 070 Spur to HWY 101,IV-V,,,,157.0,3.7,42.5,,42.2762,-124.2995,42.2725,-124.276,42.2799,-124.323,,0,,,,,,,,10810,Pistol,,,0
5543,,1489,aw_10389,Henline,Henline z ,,1/4 mile above nf rd 2209 to 1/4 mile below rd 2209,V,,,,292.0,0.5,601.4,,44.84355,-122.3375,44.8464,-122.338,44.8407,-122.337,,0,,,,,,,,10389,Henline,,,0
5544,,,aw_10973,South Umpqua,Umpqua c S 01,,Camp Comfort to South Umpqua Falls,II-V,,,,328.4,6.46,50.8,,43.080999,-122.638496,43.10514856622022,-122.59511802037719,43.05461583215269,-122.68741845109969,,0,,,,,,,,10973,South Umpqua,,,0
5545,,,aw_10455,South Umpqua,Umpqua c S 02,,South Umpqua Falls to Boulder Creek Campground,II-IV+,,,,235.6,6.3,37.4,,43.053499,-122.733498,43.05461583215269,-122.68741845109969,43.05187400211316,-122.78137170737652,,0,,,,,,,,10455,South Umpqua,,,0
5546,,1537,aw_10821,NF Siletz,Siletz ag 01,,Valley of the Giants,IV+,Siletz,,,176.0,1.5,119.69999694824219,,44.9344,-123.712,44.937286,-123.712641,44.922836,-123.699688,,0,,,,,,,,10821,Siletz,,1710,0
5547,,231,aw_3447,Silver Creek,Silver ab 02,,Silver Falls State Park to Silver Creek Reservoir ,IV(V),,,,509.0,10.0,50.7,,44.9356994628905,-122.70249938965,44.888198852539,-122.66200256348,44.983200073242,-122.74299621582,,0,,,,,,,,3447,Silver Creek,,,0
5548,,1482,aw_1551,North Santiam,Santiam bz 01,Pool Drop,Big Cliff Dam to Packsaddle Park,III-V,Willamette,,,146.9,4.15,35.4,dam control,44.755350112914996,-122.32749938965,44.752311013738336,-122.28596561962777,44.757198447228255,-122.36516832336508,,0,,2500.0,Middle Willamette,Not Remote,forest/logging,Jan-Dec,,1551,North Santiam,,,0
5549,,319,aw_10430,Nohorn Creek,Nohorn Creek z ,,to Peg Leg Falls,III-IV(V),,,,405.0,2.8,145.9,,44.9462509155275,-122.18400192261001,44.936100006104,-122.20600128174,44.956401824951,-122.16200256348,,0,,,,,,,,10430,Nohorn Creek,,,0
5550,,304,aw_3758,Chetco,Chetco ag 02,,Craggie Creek to SF (Gorge),III-IV(V),Chetco,,,245.8000030517578,10.2,24.0,,42.228054046631,-124.110847473145,42.270135,-124.086582,42.186117,-124.134586,,0,,,,,,,,3758,Chetco,,1710,1
5551,,210,aw_10948,Limpy Creek,Limpy Creek z ,,Landslide to North Umpqua,IV(V),,,,191.0,0.9,214.1,,43.297500610351506,-122.67850112914999,43.291000366211,-122.68000030518,43.304000854492,-122.67700195312,,0,,,,,,,,10948,Limpy Creek,,,0
5552,,231,aw_10940,Butte Creek,Butte ao 02,,Butte Creek Falls,IV(V+),,,1882.9,261.6,0.9,290.7,,44.919500350952,-122.505500793455,44.918017825541014,-122.49985650489742,44.92497115623935,-122.51246917141796,,0,,,,,,,,10940,Butte Creek,,,0
5553,,820,aw_10946,Little River,Little aq 02,,Lower,I-III(IV),N Umpqua,,,734.0,17.9,41.099998474121094,,43.2620010375975,-122.98400115967,43.228235,-122.862356,43.296824,-123.105667,,0,,,,,,,,10946,Little River,,,1
5554,,2099,aw_10452,SF Rogue,Rogue ag 06,,Butte Falls Road to Lost Creek Reservoir,V,,,2645.4,769.6,6.9,110.9,,42.708850860595504,-122.49649810791,42.70367140500125,-122.44934837258667,42.71203029126283,-122.54747178775536,,0,,,,,,,,10452,"Rogue, South Fork",0.0,,0
5555,,245,Calapooia,Calapooia,Calapooia aa 02,Pool Drop,Bridge 13 to 4 above Holley,II-III,Willamette,,,375.0,9.8,38.4,,44.29794168227576,-122.662663157534,44.275075877573514,-122.59246238730846,44.32080748697801,-122.73286392775954,,0,,1000.0,Middle Willamette,Not Very Remote,logging/rural,Nov-Mar,,1490,Calapooia,,,0
5556,,1537,aw_10822,Warnicke,Warnicke z ,,Old Rd to NF,IV(V),Siletz,,,729.0999755859375,4.0,181.39999389648438,,44.941249847411996,-123.69649887085001,44.961963,-123.696577,44.922836,-123.699688,,0,,,,,,,,10822,Warnicke,0.0,1710,1
5557,,1784,aw_3771,South Umpqua,Umpqua c S 04,Continous,Three C Rocks to MP 22,III-IV,Umpqua,,,163.7,8.1,20.2,,42.95299911499,-122.943000793455,42.96381541537253,-122.886815176487,42.939275395760546,-123.00092658354346,Umpqua.SFk,0,,2500.0,Southern Oregon,Not Remote,forest,Nov-Apr,,3771,South Umpqua,,,0
5558,,1784,aw_3767,South Umpqua,Umpqua c S 03,,Campbell Falls to Three C Rock,III-IV,,,,306.3,9.61,31.9,,43.008998870849496,-122.83250045776501,43.05187400211316,-122.78137170737652,42.96381541537253,-122.886815176487,,0,,,,,,,,3767,South Umpqua,,,0
5559,,1545,aw_10394,Sweet Creek,Sweet Creek z ,,Sweet Creek Falls to Homestead Trailhead,IV-V,,,,304.0,1.1,285.3,,43.9531497955325,-123.90250015259,43.959999084473,-123.90200042725,43.946300506592,-123.90299987793,,0,,,,,,,,10394,Sweet Creek,500.0,,0
5560,,1537,aw_1555,Siletz,Siletz ag 03,Continous,Elk Creek to Moonshine,III-IV,Siletz,,,356.70001220703125,10.7,33.400001525878906,,44.8157501220705,-123.79199981689,44.852392,-123.750337,44.778938,-123.835311,,0,,2000.0,North Coast,Not Remote,rural,Nov-Apr,,1555,Siletz,,1710,0
5561,,1489,aw_1547,Little North Santiam,Santiam ad 05,Pool Drop,Elkhorn Valley Campground to N. Santiam River,II-III,Willamette,,,351.4,11.59,30.3,,44.793800354004006,-122.52730178832999,44.80132881795151,-122.44578439330336,44.78842135152574,-122.61758675415224,Santiam.LittleNFk,0,,1000.0,Middle Willamette,Not Very Remote,forest/canyon,Nov-Apr,,1547,Little North Santiam,,,0
5562,,,aw_3761,Little North Santiam,Santiam ad 04,Pool Drop,Salmon Falls to Elkhorn Park,II-III,Willamette,,,155.7,5.57,28.0,25 falls at put in,44.816650390625,-122.407649993895,44.83165997655072,-122.37012983874196,44.80132881795151,-122.44578439330336,,0,,800.0,Middle Willamette,Not Very Remote,forest/canyon,Nov-Apr,Wild and Scenic,3761,Little North Santiam,0.0,,0
5563,,,Rock Creek,Rock Creek,Rock Creek 0 Rock Creek (Clackamas),,Sunnyside Road to Carver Road,III-IV,Clackamas,,,119.0,1.6,74.8,,45.4182987213135,-122.5,45.426898956299,-122.49299621582,45.409698486328,-122.50700378418,,0,,,,,,,,10392,Rock Creek (Clackamas),0.0,,0
5564,,2102,aw_3763,"Molalla, Table Rock Fork",Molalla 0 Table Rock Fork,,Lost Creek to Molalla River,III+(IV),,,2351.5,1168.5,9.1,127.8,,44.9720001220705,-122.34299850464001,44.986400604248,-122.26899719238,44.957599639893,-122.4169998169,,0,,,,,,,,3763,"Molalla, Table Rock Fork",0.0,,0
5565,,654,aw_3082,Grande Ronde,Grande Ronde 06 Troy to Boggan's Oasis,,Troy to Boggan's Oasis,II-III,,,,347.0,19.3,18.0,,45.993194580078,-117.35235977172499,45.945486544250166,-117.4504851650694,46.041828354321595,-117.25284065412362,,0,,,,,,,,3083,Grande Ronde,,,0
5566,,820,aw_10947,Emile Creek,Emile Creek z ,,End of road to Little,IV+,N Umpqua,,,334.29998779296875,1.5,227.8000030517578,,43.2525005340575,-122.89350128174,43.255716,-122.882146,43.247929,-122.90214,,0,,,,,,,,10947,Emile Creek,0.0,,1
5567,,820,aw_11030,Cavitt Creek,Cavitt Creek z ,,Upper,IV-V,N Umpqua,,,479.5,3.8,126.5,,43.1519555,-122.98609099999999,43.147059,-122.955768,43.156958,-123.016677,,0,,,,,,,,11030,Cavitt Creek,220.0,,1
5568,,231,aw_10386,Abiqua Creek,Abiqua 0,,Crooked Finder Spur Road to Abiqua Falls,III-IV+,Willamette,,1881.1,589.0,4.7,126.1,,44.9042510986325,-122.539501190185,44.88271416837148,-122.51199106895346,44.92566583140764,-122.56708696551843,,0,,,,,,,,10386,Abiqua Creek,0.0,,0
5569,,2110,aw_3643,Rock Creek (Nehalem),Rock Creek 0 Rock Creek (Nehalem),,Keasey to mouth,I-II(III),Nehalem,,,182.39999389648438,12.8,14.199999809265137,,45.8661994934085,-123.25833511352499,45.868753,-123.322401,45.855107,-123.190241,,0,,,,,,,,3643,Rock Creek (Nehalem),25.0,1710,0
5570,,1537,aw_10447,Boulder Creek,Boulder ac ,,To NF,IV(V),Siletz,,,711.0999755859375,3.7,189.6999969482422,,44.927700042724496,-123.66749954224,44.93461,-123.637973,44.920829,-123.69593,,0,,,,,,,,10447,Boulder Creek,0.0,1710,1
5571,,878,aw_10421,Luckiamute,Luckiamute ag 02,,Upstream of Oregon 223,III-IV,,,,331.20001220703125,5.8,57.099998474121094,,44.751000000000005,-123.5515,44.772702,-123.585413,44.728737,-123.518387,,0,,,,,,,,10421,Luckiamute,0.0,,0
5572,,1784,aw_3199,Jackson Creek,Jackson wz ,,1) Upper: NF300 to Cover Camp,IV(V),,,,825.0,7.9,104.5,,42.987449999999995,-122.6225,42.998,-122.558,42.9769,-122.687,,0,,,,,,,,3199,Jackson Creek,160.0,,0
5573,,878,aw_10820,Rickreall,Rickreall z ,,Rock Quarry to SE Fir Villa Rd (Lower),II-III,,,,207.0,7.0,29.8,,44.919349999999994,-123.33000000000001,44.9188,-123.379,44.9199,-123.281,,0,,,,,,,,10820,Rickreall,0.0,,0
5574,,231,aw_10385,Butte Creek,Butte ao 01,,Wilson Road spur to Butte Falls Rd,III-IV,,,2387.9,505.0,2.7,187.0,,44.91515,-122.4765,44.911110590444785,-122.45283370612299,44.918017825541014,-122.49985650489742,,0,,,,,,,,10385,Butte Creek,0.0,,0
5575,2026-04-18 01:20:30,1291,aw_2727,Layng Creek,Layng,Pool Drop,Junetta Creek to Wildwood Falls,II-III(IV),Willamette,,1395.1,387.3,7.66,50.6,20 falls at end,43.715951,-122.756302,43.732308,-122.695514,43.699594,-122.817091,,0,,2000.0,Upper Willamette,Not Remote,forest/rural,Nov-Apr,,2727,Layng Creek,81.4,1709,0
5576,,,aw_10422,Black Rock Fork South Umpqua,Umpqua b BR 01,,Black Rock Fork South Umpqua,IV-V,,,2349.0,380.6,2.69,141.5,,43.11895,-122.5875,43.1327635866483,-122.57963790495809,43.10514856622022,-122.59511802037719,,0,,,,,,,,10422,Black Rock Fork,0.0,,0
5577,,216,aw_10399,French Creek,French Creek z ,,4 miles upstream of Detroit Lake to Detroit Lake,IV+,,,,695.0,3.2,215.9,,44.75705,-122.1785,44.769,-122.2,44.7451,-122.157,,0,,,,,,,,10399,French Creek,0.0,,0
5579,,1045,aw_10412,Salmonberry,Salmonberry z ,,Beaver Slide Road to Nehalem River,III+(IV),,,,685.0,10.4,65.8,,45.727850000000004,-123.57400000000001,45.7059,-123.495,45.7498,-123.653,,0,,,,,,,,10412,Salmonberry,0.0,,0
5580,,1050,aw_1536,Nestucca,Nestucca ac 01,,Rocky Bend Camp to Blaine,II-III+(IV),,,,331.0,8.5,39.2,,45.2599,-123.6585,45.2394,-123.606,45.2804,-123.711,,0,,,,,,,,1536,Nestucca,0.0,,0
5581,,2113,aw_10440,MF Hood,Hood ag 03,,Red Hill Rd to Dee,III-IV,,,,735.9000244140625,5.7,129.89999389648438,,45.55655,-121.62700000000001,45.523635,-121.625827,45.589024,-121.628375,,0,,,,,,,,10440,"Hood, Middle Fork",0.0,,0
5582,,1045,aw_10420,"Salmonberry, North Fork",Salmonberry 0 North Fork,,to Salmonberry,III+(V),,,,437.0,3.8,115.5,,45.734449999999995,-123.506,45.7517,-123.488,45.7172,-123.524,,0,,,,,,,,10420,"Salmonberry, North Fork",0.0,,0
5583,,2111,aw_3690,Vernonia,Nehalem ab 02,,Vernonia to Birkenfeld,I(II),Nehalem,,,114.30000305175781,26.6,4.300000190734863,,45.92595,-123.26050000000001,45.854949,-123.190382,45.989222,-123.339111,,0,,,,,,,,3690,Nehalem,6.0,1710,0
5584,,131,aw_3662,Big Butte Creek,Big Butte 0,Pool Drop,Butte Falls to Netherlands Rd,III-IV,Rogue,245.0,2359.1,761.6,10.6,71.8,15 falls,42.5860500335695,-122.61790084839001,42.54531976925747,-122.56242978628958,42.627263060884474,-122.67695028694935,BigButteCr,0,,500.0,Southern Oregon,Not Very Remote,wooded,Mar-Apr,,3662,Big Butte Creek,,,0
5620,,255,aw_3066,Canyon Creek (Lewis River trib.),Canyon 0 Canyon Creek (Lewis River trib.),,2 - Fly Creek to Merwin Reservoir,IV+,,,,262.0,2.8,92.2,,45.950249,-122.3445015,45.939999,-122.316002,45.960499,-122.373001,,0,,,,,,,,3066,Canyon Creek (Lewis River trib.),,,0
5621,,766,aw_2144,Klickitat,Klickitat ag ,,2 - Leidl Campground to Icehouse Campground,II,,,,379.0,15.9,23.8,,45.878289499999994,-121.119602,45.9383,-121.121532,45.818279,-121.117672,,0,,,,,,,,2144,Klickitat,,,0
5634,,815,aw_2187,Rock Creek (Columbia River trib.),Rock Creek 0 Rock Creek (Columbia River trib.),,Steep Creek to Ryan-Allen Bridge,II-IV(V),,,,626.0,5.0,125.9,,45.739999999999995,-121.97200000000001,45.756,-122.01,45.724,-121.934,,0,,,,,,,,2187,Rock Creek (Columbia River trib.),,,0
5636,,766,aw_2143,Klickitat,Klickitat ag ,,1 - Yakama Reservation to Leidl Campground,III+,,,,1124.0,22.4,50.1,,46.0322305,-121.205626,46.126263,-121.290002,45.938198,-121.12125,,0,,,,,,,,2143,Klickitat,83.0,,0
5669,,1900,aw_2269,White Salmon,White Salmon af ,,2 - Trout Lake to Green Truss Bridge,IV-V,,,,399.0,5.2,76.2,,45.9376245,-121.484789,45.964072,-121.469452,45.911177,-121.500126,,0,,,,,,,,2269,White Salmon,,,0
5670,,1900,aw_3064,White Salmon,White Salmon af ,,4 - BZ Corner to Northwestern Park,III+(V),,,,335.0,7.5,45.0,,45.815400999999994,-121.5130005,45.851501,-121.509003,45.779301,-121.516998,,0,,,,,,,,3064,White Salmon,,,0
5675,,316,aw_2091,Cispus,Cispus ab ,,4 - Road 28 Bridge to Scanewa Reservoir (The Lower),III,,,,402.0,15.6,25.8,,46.45845,-121.959499,46.444,-121.839996,46.4729,-122.079002,,0,,,,,,,,2091,Cispus,,,0
5676,,1089,aw_2170,Nisqually,Nisqually ae ,,3 - McKenna to Yelm Hydro Plant,II-III,,,,178.0,9.3,19.2,,46.9544845,-122.5977175,46.933105,-122.559258,46.975864,-122.636177,,0,,,,,,,,2170,Nisqually,,,0
5680,,766,aw_2145,Klickitat,Klickitat ag ,,3 - Icehouse Campground to Turkey Hole Fishing Access,II-III,,,,241.0,10.9,22.1,,45.7795115,-121.1725765,45.818262,-121.117658,45.740761,-121.227495,,0,,,,,,,,2145,Klickitat,,,0
5681,,1900,aw_4012,White Salmon,White Salmon af ,,5 - Northwestern Park to Columbia River,II-III+(V),,,,224.0,4.9,45.7,,45.75405,-121.5195,45.7793,-121.517,45.7288,-121.522,,0,,,,,,,,4012,White Salmon,,,0
5682,,815,aw_2147,"Lewis, E. Fork",Lewis ae ,,2 - Sunset Falls to bl. Horshoe Falls (Falls Section),IV,,,,318.0,4.7,68.2,,45.818000999999995,-122.281498,45.821301,-122.237999,45.814701,-122.324997,,0,,,,,,,,2147,"Lewis, E. Fork",,,0
5684,,255,aw_2073,Canyon Creek (Lewis River trib.),Canyon 0 Canyon Creek (Lewis River trib.),,1 - Twin Bridges to Fly Creek,IV-V,,,,627.0,7.7,81.8,,45.9258,-122.2415,45.9044,-122.189,45.9472,-122.294,,0,,,,,,,,2073,Canyon Creek (Lewis River trib.),,,0
5687,,419,aw_2102,Cowlitz,Cowlitz af 01,,La Wis Wis Campground to Packwood,III,,,,180.0,7.8,23.2,,46.6448325,-121.63207249999999,46.677575,-121.584331,46.61209,-121.679814,,0,,,,,,,,2102,Cowlitz,,,0
5688,,316,aw_2090,Cispus,Cispus ab ,,3 - FR 23 Bridge to FR 28 Bridge (The Upper),III+(IV),,,,526.0,10.4,50.7,,46.409277,-121.788243,46.374503,-121.736317,46.444051,-121.840169,,0,,,,,,,,2090,Cispus,,,0
5692,,816,aw_2151,"Lewis, N. Fork",Lewis 0 N. Fork 04,,Cussed Hollow to FR 9039 (Middle),III-IV,,,,309.0,8.3,37.3,,46.103231,-121.930988,46.144391,-121.895252,46.062071,-121.966724,,0,,,,,,,,2151,"Lewis, N. Fork",,,0
5693,,316,aw_2089,Cispus,Cispus ab ,,2 - Adams Fork to FR 23 Bridge (The Upper Upper),V,,,,509.0,4.7,108.4,,46.347505,-121.691645,46.332874,-121.657366,46.362136,-121.725924,,0,,,,,,,,2089,Cispus,180.0,,0
5698,,816,aw_2152,"Lewis, N. Fork",Lewis 0 N. Fork 05,,FR 9039 to Swift Reservoir (Lower),II-III,,,,108.0,3.7,28.8,,46.06395,-121.99350000000001,46.062199,-121.967003,46.065701,-122.019997,,0,,,,,,,,2152,"Lewis, N. Fork",,,0
5699,,816,aw_5711,"Lewis, N. Fork",Lewis 0 N. Fork 03,,Quartz Creek to Cussed Hollow (The Falls),V+,,,,313.0,4.1,76.4,,46.1619495,-121.87150199999999,46.1796,-121.847,46.144299,-121.896004,,0,,,,,,,,5711,"Lewis, N. Fork",,,0
5708,,816,aw_3495,"Lewis, N. Fork",Lewis 0 N. Fork 02,,FR 88 to Quartz Creek (Upper),IV(V),,,,599.0,7.4,81.5,,46.1879505,-121.78799799999999,46.196301,-121.728996,46.1796,-121.847,,0,,,,,,,,3495,"Lewis, N. Fork",,,0
5709,,1725,aw_2253,Toutle,Toutle ac ,,Highway 504 Bridge to Tower Rd. Bridge,III+(IV),,,,301.0,9.8,30.6,,46.332138,-122.7828715,46.330265,-122.72522,46.334011,-122.840523,,0,,,,,,,,2253,Toutle,,,0
5712,,815,aw_2149,"Lewis, E. Fork",Lewis ae ,,1 - Green Fork to Sunset Falls (Upper),III-IV(V),,,,594.0,5.4,109.7,,45.820899999999995,-122.2084995,45.822899,-122.164001,45.818901,-122.252998,,0,,,,,,,,2149,"Lewis, E. Fork",,,0
5715,,316,aw_3404,Cispus,Cispus ab ,,1 - Goat Creek to FR 2160 (Super Slides),V,,,,397.0,1.9,210.0,,46.445449829101506,-121.505001068115,46.459499359131,-121.51000213623,46.431400299072,-121.5,,0,,,,,,,,3404,Cispus,,,0
5716,,815,aw_2150,"Lewis, E. Fork",Lewis ae ,,3 - Rock Creek to Moulton Falls Park,III-V,,,,106.0,1.9,56.1,,45.823425292969,-122.379592895505,45.814777374268,-122.36769866943,45.83207321167,-122.39148712158,,0,,,,,,,,2150,"Lewis, E. Fork",,,0
5717,,815,aw_2148,"Lewis, E. Fork",Lewis ae ,,4 - Moulton Falls to Lewisville Park (Hwy 503),III+(V),,,,355.0,10.0,35.3,,45.827072143555,-122.46172714233501,45.831336975098,-122.38919067383,45.822807312012,-122.53426361084,,0,,,,,,,,2148,"Lewis, E. Fork",0.0,,0
5723,,815,aw_3514,Copper Creek,Copper rj ,,road's end to E. Fork Lewis,IV-V,,,,,6.9,125.0,,45.799249649047994,-122.268497467045,45.784698486328,-122.21399688721,45.813800811768,-122.32299804688,,0,,,,,,,,3514,Copper Creek,0.0,,0
5724,,982,aw_3501,"Mineral Creek, N. Fork",Mineral 0 N. Fork,,Gale to Mineral Creek,IV(V),,,,658.0,6.1,107.0,,46.6967,-122.1115,46.6838,-122.068,46.7096,-122.155,,0,,,,,,,,3501,"Mineral Creek, N. Fork",,,0
5726,,2063,aw_2160,Mashel,Mashel z ,,Eatonville to Nisqually River confluence,II-IV,,,,416.0,7.0,59.7,,46.856750000000005,-122.287,46.8665,-122.243,46.847,-122.331,,0,,,,,,,,2160,Mashel,,,0
5772,,2100,aw_10402,MF Applegate,Applegate 0 a Middle Fork,,Below Whiskey Creek to Applegate Reservoir,II-III(V),Rogue,,,392.0,4.0,98.3,,41.9924505,-123.167999,41.973701,-123.181999,42.0112,-123.153999,,0,,,,,,,,10402,"Applegate River, Middle Fork",,,0
5773,,1755,Tualatin_Scholls_Stafford,Tualatin,Tualatin ac 0,,Scholls Ferry Road to Stafford Road Bridge,,Willamette,,100.0,2.9,21.51,0.1,,45.415188,-122.920438,45.415188,-122.920438,45.379408,-122.698415,,0,,,,,,,,,Tualatin,,,0
5774,,736,aw_1519_2,NF John Day,John 0 N. Fork 03,Continous,Dale to Monument,II(III),Columbia,386.0,1960.0,731.0,42.0,17.4,logs.wilderness.mining,44.907765,-119.205724,45.001128,-118.987349,44.814402,-119.424099,JohnDay.NFk,0,,1000.0,Central Oregon,Very Remote,wilderness/mining,Apr-May,Wild and Scenic,1519,"John Day, N. Fork",,,0
5775,,736,aw_10432,NF John Day,John 0 N. Fork 04,Continous,Monument to Service Creek,I-II,Columbia,,,,42.3,,,44.803,-119.712,44.814303,-119.423921,44.79237,-120.000273,,0,,,Central Oregon,Somewhat Remote,desert canyon/ranches,Mar-Jun,Wild and Scenic,10432,John Day,,,0
5776,,926,,SF McKenzie,McKenzie 0 East Fork of the South Fork 1a,,Cougar to confluence,,Willamette,,1255.4,222.7,6.8,32.7,,,,44.13298699009831,-122.24314535769444,44.15222726896844,-122.34034455483689,,0,,,Upper Willamette,,,,,,,,,0
5778,,1545,,Siuslaw,Siuslaw aa 01,,Clay Creek to Smith Creek,,Siuslaw,,,213.8,29.28,7.3,,,,43.90391439424947,-123.56777877634892,44.038362570993655,-123.67526737061094,,0,,,North Coast,,,,,10414,,,,0
5779,,2108,,South Umpqua,Umpqua c S 06,Pool Drop,Picket Park to Lawson Bar,,Umpqua,,,52.6,5.15,10.2,I-5,,,42.94032856237764,-123.26422082332974,42.95095573632315,-123.336607035426,,0,,2500.0,Southern Oregon,Not Remote,"rural,I-5",Nov- Apr,,3768,,,,0
5780,,1284,,NF Rogue,Rogue ag 01,,Natural Bridge,,Rogue,,3189.0,225.7,3.3,67.6,,42.8754605,-122.4853425,42.88858865496243,-122.46617667086583,42.86292484715722,-122.50637649411065,,0,,,Southern Oregon,,,,,3461,NF Rogue,,,0
5781,,1919,SALEM_merge,Willamette,Willamette 0d 2b,,Albany to Salem,,,,,48.9,35.97,1.4,,44.686806,-123.124304,44.639958814240124,-123.10693878582761,44.94661067264944,-123.04318318752148,,0,,,,,,,,,,,,0
5782,,245,Upper Calapooia,Calapooia,Calapooia aa 01,Pool Drop,Upper Upper,III(IV),Willamette,,,925.0,13.0,70.9,,44.25571713359086,-122.48843785237555,44.23635838960822,-122.38441331744265,44.275075877573514,-122.59246238730846,,0,,,Middle Willamette,Not Very Remote,logging/rural,Nov-Mar,,3038,Calapooia,,,0
5783,,245,Lower Calapooia,Calapooia,Calapooia aa 03,Pool Drop,Bridge 4 to McKercher,,Willamette,,,203.0,9.7,21.0,,44.339622252062426,-122.80453580232592,44.32080748697801,-122.73286392775954,44.35843701714685,-122.8762076768923,,0,,,Middle Willamette,Not Very Remote,logging/rural,Nov-Mar,,1491,Calapooia,,,0
5784,,2104,Calapooia McKercher,Calapooia,Calapooia aa 04,Pool Drop,McKercher to Brownsville,,Willamette,,,103.0,7.4,14.0,,44.374196166400395,-122.93232527834755,44.35843701714685,-122.8762076768923,44.389955315653935,-122.98844287980278,,0,,,Middle Willamette,Not Very Remote,logging/rural,Nov-Mar,,3039,Calapooia,,,0
5785,,2104,Calapooia Rt34,Calapooia,Calapooia aa 05,,Route 34 to Albany,,Willamette,,,33.0,10.5,3.1,,44.60215469350413,-123.13040721486719,44.56520933172022,-123.14920281121188,44.63910005528805,-123.1116116185225,,0,,,Middle Willamette,,,Nov-Mar,,,Calapooia,,,0
5786,,,Deep Creek,Deep Creek,Owyhee 01 Deep Creek,,Juniper Mtn Rd to Rickert Cherry Stem,,Owyhee,,,735.0,43.5,16.9,,,,42.58143674233681,-116.67623665474427,42.258843742837705,-116.68299613095668,,0,,,,,,,,551,Owyhee,,,0
5787,,,EF Owyhee,EF Owyhee,Owyhee 02 EF Owyhee Ross Slough,,Ross Slough to Crutcher's Crossing,,Owyhee,,,1001.0,65.7,15.2,,42.1706,-116.5735,42.0812,-116.277,42.25923371602053,-116.87242472016058,,0,,,,,,,,581,Owyhee,,,0
5788,,,Little Owyhee,Little Owyhee,Owyhee 03 Little Owyhee,,To South Fork,,Owyhee,,,965.0,35.3,27.3,,,,41.81452754920776,-116.98601098045977,42.167373051753366,-116.87178633832093,,0,,,,,,,,4144,Owyhee,,,0
5789,,,SF Owyhee,SF Owyhee,Owyhee 04 SF Owyhee,,YP Ranch to Crutcher's Crossing,,Owyhee,,,645.0,57.9,11.1,,,,41.80450883039747,-116.47465810153102,42.25923371602053,-116.87242472016058,,0,,,,,,,,4141,Owyhee,,,0
5790,,,NF Owyhee,NF Owyhee,Owyhee 06 NF Owyhee,,Mud Flat Rd to Three Forks,,Owyhee,,,815.0,13.5,60.3,,,,42.59273688956743,-116.9831138633529,42.54441560255707,-117.16906602570032,,0,,,,,,,,582,Owyhee,,,0
5791,,,Battle Creek,Battle Creek,Owyhee 01a Battle Creek,,Mud Flat Rd to Rickert Cherry Stem,,Owyhee,,,1348.0,60.5,22.3,,42.46591,-116.461945,42.694599,-116.400002,42.237221,-116.523888,,0,,,,,,,,514,Owyhee,,,0
5792,,319,Collawash Two Rivers,Collawash,Clackamas 0 Collawash 1,,Mile 5.5 Bridge to Two Rivers,,Clackamas,,,327.0,6.4,51.0,,,,44.966441993324935,-122.04521136156173,45.0318751534978,-122.0609168079706,,0,,,,,,,,2713,Clackamas,,,0
5793,,,Clackamas Faraday,Clackamas,Clackamas 07 Faraday,,Faraday Diversion Dam to Faraday Powerhouse,,Willamette,,,94.0,1.6,60.7,,,,45.251999,-122.297997,45.267101,-122.314003,,0,,,,,,,,4574,Clackamas,,,0
5794,,319,Collawash Big Dog,Collawash,Clackamas 0 Collawash 0,,Big Dog,,Clackamas,,,486.0,6.2,78.2,,,,44.89764199575052,-122.00641842769114,44.966441993324935,-122.04521136156173,,0,,,,,,,,3485,Clackamas,,,0
5795,,474,Deschutes 13,Deschutes,Deschutes 13 US26 to Sherar's Falls,,US26 to Sherar's Falls,,Deschutes,,,636.0,52.7,12.1,,,,44.75861193194376,-121.2273886056102,45.240336979880034,-121.04914012517375,,0,,,,,,,,1507,Deschutes,,,0
5796,,473,Deschutes 00,Deschutes,Deschutes 00 Wickiup to Pringle Falls,,Wickiup to Pringle Falls,,Deschutes,,,66.0,10.2,6.4,,,,43.684785,-121.688821,43.74902095701383,-121.6035994252719,,0,,,,,,,,1504,Deschutes,,,0
5797,,473,Deschutes 01,Deschutes,Deschutes 01 Pringle Falls to Big River,,Pringle Falls to Big River,,Deschutes,,,35.0,15.7,2.3,,,,43.74902095701383,-121.6035994252719,43.817776197420244,-121.49735918965003,,0,,,,,,,,3031,Deschutes,,,0
5798,,470,Deschutes 03,Deschutes,Deschutes 03 Benham Falls to Dillon Falls,,Benham Falls to Dillon Falls,,Deschutes,,,107.0,3.0,35.2,,,,43.93648104789925,-121.41126307555861,43.95711264081329,-121.4165525504274,,0,,,,,,,,3074,Deschutes,,,0
5799,,470,Deschutes 04,Deschutes,Deschutes 04 Dillon Falls to Aspen,,Dillon Falls to Aspen,,Deschutes,,,69.0,1.3,54.4,,,,43.95711264081329,-121.4165525504274,43.96969693629136,-121.4150000583594,,0,,,,,,,,10684,Deschutes,,,0
5800,,470,Deschutes 05,Deschutes,Deschutes 05 Aspen to Lava Island,,Aspen to Lava Island,,Deschutes,,,43.0,2.0,21.5,,,,43.96969693629136,-121.4150000583594,43.986912138476484,-121.39889395650549,,0,,,,,,,,1505,Deschutes,,,0
5801,,470,Deschutes 06,Deschutes,Deschutes 06 Lava Island to Meadow Picnic,,Lava Island to Meadow Picnic,,Deschutes,,,108.0,1.2,90.2,,,,43.986912138476484,-121.39889395650549,43.9971174005912,-121.3847794460895,,0,,,,,,,,3075,Deschutes,,,0
5802,,470,Deschutes 07,Deschutes,Deschutes 07 Meadow Picnic to Farewell Bend,,Meadow Picnic to Farewell Bend,,Deschutes,,,216.0,4.6,47.1,,,,43.9971174005912,-121.3847794460895,44.040945132994544,-121.3291683000831,,0,,,,,,,,10686,Deschutes,,,0
5803,,472,Deschutes 08,Deschutes,Deschutes 08 Farewell Bend to Sawyer Park,,Farewell Bend to Sawyer Park,,Deschutes,,,104.0,4.8,21.9,,,,44.040945132994544,-121.3291683000831,44.08583364356798,-121.31104388044356,,0,,,,,,,,11052,Deschutes,,,0
5804,,472,Deschutes 09,Deschutes,Deschutes 09 Sawyer Park to Tumalo Park,,Sawyer Park to Tumalo Park,,Deschutes,,,303.0,4.8,63.3,,,,44.08583364356798,-121.31104388044356,44.126614317690695,-121.33483442611903,,0,,,,,,,,1506,Deschutes,,,0
5805,,472,Deschutes 10,Deschutes,Deschutes 10 Tumalo Park to Cline Falls,,Tumalo Park to Cline Falls,,Deschutes,,,353.0,13.7,25.8,,,,44.126614317690695,-121.33483442611903,44.2678304555591,-121.2548501109052,,0,,,,,,,,4344,Deschutes,,,0
5806,,472,Deschutes 11,Deschutes,Deschutes 11 Tetherow to Lower Bridge,,Tetherow to Lower Bridge,,Deschutes,,,181.0,7.7,23.5,,,,44.312184375352295,-121.23915993086959,44.359610340615035,-121.29481765952987,,0,,,,,,,,4345,Deschutes,,,0
5807,,470,Deschutes 02,Deschutes,Deschutes 02 Big River to Benham Falls,,Big River to Benham Falls,,Deschutes,,,14.0,18.1,0.8,,,,43.817776197420244,-121.49735918965003,43.93648104789925,-121.41126307555861,,0,,,,,,,,3037,Deschutes,,,0
5808,,654,Grande Ronde 07,Grande Ronde,Grande Ronde 07 Boggan's Oasis to Snake,,Boggan's Oasis to Snake,,,,,430.0,27.0,15.9,,,,46.041828354321595,-117.25284065412362,46.08598279156105,-116.98326944255824,,0,,,,,,,,3083,Grande Ronde,,,0
5809,,1545,Lake Creek Fish Deadwood,Lake Creek,Lake Creek 01 Fish Creek to Deadwood,,Fish Creek to Deadwood,,Siuslaw,,,169.0,12.5,13.6,,,,44.147999,-123.583,44.09445076162336,-123.7556340189961,,0,,,,,,,,,Lake Creek,,,0
5810,,1287,aw_5071,Rogue,Rogue ag 12,,Foster,,,,151.9,146.7,33.8,4.3,,,,42.63294371817752,-124.04853193442067,42.420054862505964,-124.42280528095,,0,,,,,,,,,,,,0
5811,,,aw_10456,South Santiam,Santiam da 01,,House Rock to Mountain House,,,,,324.4,3.79,85.6,,,,44.39047222443976,-122.24170802140337,44.40384102151438,-122.30242693716316,,0,,,,,,,,10456,South Santiam,,,0
5812,,1482,aw_1552,North Santiam,Santiam bz 02,,Packsaddle to Mill City,,,,,168.7,6.59,25.6,,,,44.757198447228255,-122.36516832336508,44.755656635303524,-122.47788198589394,,0,,,,,,,,1552,North Santiam,,,0
5813,,1483,Santiam_stayton_jefferson,North Santiam,Santiam bz 05,,Stayton to Jefferson,,,,,186.9,12.99,14.4,,,,44.79120139870133,-122.79491953681858,44.707831487246644,-122.97210978559465,,0,,,,,,,,,North Santiam,,,0
5814,,,aw_1556,Siuslaw,Siuslaw aa 03,,Swisshome to Mapleton,,Siuslaw,,,99.7,7.09,14.1,,,,44.056337485199776,-123.78129602562682,44.05059294987124,-123.88644393610313,,0,,,,,,,,1556,Siuslaw,,,0
5815,,,aw_10816,NF Smith,Smith NF 0,,Kentucky Falls to NF trailhead,,Umpqua,,,438.0,4.99,87.8,,,,43.930610564150925,-123.81808769507563,43.876069209059,-123.82878718767857,,0,,,,,,,,10816,Smith,,,0
5816,,2108,aw_3770,South Umpqua,Umpqua c S 05,Continous,MP 22 to Days Creek,,Umpqua,,,193.9,14.48,13.4,,,,42.939275395760546,-123.00092658354346,42.97241151764406,-123.17123142052375,,0,,2500.0,Southern Oregon,Not Remote,rural,Nov-Apr,,3770,South Umpqua,,,0
5817,,401,aw_1498,SF Coquille,Coquille cd 04,,16 Mile Bridge to MP 3,,,,,704.6,13.03,54.1,,,,42.719372044246526,-124.03675095790415,42.84245997943953,-124.04251627763823,,0,Combined AW reaches 1498 and 1499,,,,,,,1498,SF Coquille,,,0
5818,,,aw_10449,SF Coquille,Coquille cd 02,,Falls to Falls,,,,,596.1,1.28,465.7,,,,42.727750214170534,-124.01570496020501,42.71783384500083,-124.0207151396842,,0,,,,,,,,10449,SF Coquille,,,0
5819,,415,aw_10415,Cow Creek,Cow ah 01,,Quarry to West Fork,III(IV),Umpqua,,1313.5,323.9,9.7,33.4,,,,42.73551632168346,-123.49994950519302,42.81198950602965,-123.60155045328268,,0,,,,,,,,10415,Cow Creek,,,0
5820,,416,aw_10416,Cow Creek,Cow ah 02,,WF to Island Creek,II(III),Umpqua,,989.6,247.9,16.1,15.4,,,,42.81198950602965,-123.60155045328268,42.91363679744684,-123.48508560131573,,0,,,,,,,,10416,Cow Creek,,,0
5821,,304,,SF Chetco,Chetco ag 04,,West Cook to Chetco,,Chetco,,,350.8999938964844,5.9,59.20000076293945,,,,42.169814,-124.057312,42.186227,-124.134898,,0,,,,,,,,10450,Chetco,,1710,1
5822,,304,,Chetco,Chetco ag 00,,Fresno to Carter,,Chetco,,,464.29998779296875,3.7,124.69999694824219,,,,42.18898,-123.919215,42.22623,-123.884816,,0,,,,,,,,11770,Chetco,,1710,1
5823,,304,,Box Canyon Creek,Box Canyon Creek ag 01,,Box Canyon to Chetco,,Chetco,,,1103.9000244140625,5.7,194.3000030517578,,,,42.219966,-123.957716,42.278246,-123.935297,,0,,,,,,,,11659,Box Canyon Creek,,1710,0
5824,,1882,,Lake Fork Hood,Hood ag 04,,Divers Creek to WF,,Columbia,,,518.9000244140625,4.1,125.69999694824219,,,,45.53704,-121.766957,45.548742,-121.700422,,0,,,,,,,,2871,Hood,0.0,,0
5825,,2113,,MF Hood,Hood ag 02,,Lawrance Resv to Red Hill Rd,,Columbia,,,1173.300048828125,5.9,199.8000030517578,,,,45.461521,-121.653998,45.523635,-121.625827,,0,,,,,,,,10439,Hood,,,0
5826,,1882,,WF Hood,Hood ag 05,,Abv Lolo Pass Rd,,Columbia,,,686.9000244140625,5.5,124.19999694824219,,,,45.462541,-121.781973,45.525515,-121.742729,,0,,,,,,,,10446,Hood,,,0
5827,,1882,,WF Hood,Hood ag 06,,Lolo Pass Rd to Lake Fork,,Columbia,,,350.1000061035156,3.0,115.19999694824219,,,,45.525515,-121.742729,45.548757,-121.700312,,0,,,,,,,,11721,Hood,,,0
5830,,,,Cavitt Creek,,,Lower,,N Umpqua,,,452.3999938964844,8.1,55.900001525878906,,,,43.156958,-123.016677,43.244133,-123.021874,,0,,,,,,,,11031,Cavitt Creek,,,1
5831,,,,Canton Creek,,,to Steamboat,,N Umpqua,,,761.5999755859375,10.6,71.5999984741211,,,,43.457163,-122.760538,43.349784,-122.729312,,0,,,,,,,,2728,Canton Creek,,1710,0
5832,,1537,,SF Siletz,,,Dam to confluence,,Siletz,,,361.79998779296875,4.5,80.69999694824219,,,,44.849578,-123.666507,44.880189,-123.711311,,0,,,,,,,,10409,Siletz,,1710,1
5833,,1537,,Siletz,Siletz ag 04,,Moonshine to Sams Creek,,Siletz,,,90.69999694824219,6.9,13.199999809265137,,,,44.778938,-123.835311,44.733257,-123.841903,,0,,,,,,,,,Siletz,,1710,0
5834,,,,Kilchis,Kilchis,,NF/SF to little SF,,Kilchis,,,254.3000030517578,7.6,33.29999923706055,,,,45.604434,-123.753935,45.538959,-123.783738,,0,,,,,,,,1521,Kilchis,,1710,0
5835,,,,LNF Wilson,Wilson ag 04,,to Wilson,,Wilson,,,894.7000122070312,10.3,86.5,,,,45.560571,-123.638392,45.472852,-123.738986,,0,,,,,,,,10819,Wilson,,1710,0
5836,,1947,,Devil's Lake Fork Wilson,Wilson ag 03,,MP29 to Jones Creek,,Wilson,,,244.3000030517578,3.7,66.4000015258789,,,,45.623324,-123.542846,45.587501,-123.554346,,0,,,,,,,,1570,Wilson,,1710,0
5837,,,,SF Wilson,Wilson ag 02,,to Devil's Lake Fork,,Wilson,,,1874.199951171875,7.6,246.1999969482422,,,,45.552173,-123.389361,45.606157,-123.462055,,0,,,,,,,,2711,Wilson,,1710,0
5838,,2114,,NF Trask,Trask ag 01,,NF of NF to Trask Park,,Trask,,,528.0,11.7,45.20000076293945,,,,45.465359,-123.461167,45.440895,-123.608879,,0,,,,,,,,3076,Trask,,1710,0
5839,,2114,,Trask,Trask ag 02,,Hatchery to Peninsula,,Trask,,,224.39999389648438,6.7,33.599998474121094,,,,45.415421,-123.600514,45.455003,-123.671181,,0,,,,,,,,3077,Trask,,1710,0
5840,2026-04-18 00:29:01,2115,aw_10418,Fall Creek,Fall 0,Pool Drop,Gold Creek to Bedrock,III(III+),Willamette,,1482.5,442.0,8.03,55.0,,43.976751,-122.475951,43.981496,-122.406937,43.972006,-122.544964,,0,,1000.0,,,,,,10418,Fall Creek,97.9,1709,0
